experiment_id,source_experiment,best_epoch,mAP50_95,mAP50,recall,precision,training_time_seconds,parameter_count,model_size_mb,class_metrics,checkpoint,stage,status,per_class,trainable_parameter_count,mlflow_run_id,inference_latency_ms,peak_gpu_memory_mb,factor,parent_experiment,artifact_name,backbone,image_size,batch_size,epochs,optimizer,learning_rate,scheduler,weight_decay,momentum,adamw_betas,gradient_clip_norm,augmentation_profile,freeze_policy,warmup_epochs,warmup_start_factor,protocol_version,run_role,early_stopping_patience,early_stopping_min_delta,seed,minimum_epochs_before_early_stopping
R0_fcos_reference,E2_fcos_640,6,0.27638527750968933,0.4438188374042511,0.645373523235321,,4506.932136099669,32177610,256.226258,"{'Impacted': {'precision': nan, 'recall': 0.6606060862541199, 'AP50': nan, 'AP50_95': 0.5310486555099487}, 'Caries': {'precision': nan, 'recall': 0.5188732147216797, 'AP50': nan, 'AP50_95': 0.22705623507499695}, 'Periapical Lesion': {'precision': nan, 'recall': 0.24782608449459076, 'AP50': nan, 'AP50_95': 0.13977457582950592}, 'Deep Caries': {'precision': nan, 'recall': 0.3732394278049469, 'AP50': nan, 'AP50_95': 0.14822079241275787}}",C:\Users\Eclipse\PycharmProjects\Dental-Xray-Pathology-Detection\artifacts\experiments\fcos_seed42\best.pth,reference,reference,,,,,,,,,,,,,,,,,,,,,,,,,,,,,
A1_sgd_lr5e4,,6,0.2471829205751419,0.40467536449432373,0.6151190400123596,,2611.422685400001,32071370,256.226578,,,optimizer_search,planned,"{'Impacted': {'AP50_95': 0.5502553582191467, 'recall': 0.6848484873771667, 'AP50': nan}, 'Caries': {'AP50_95': 0.20746450126171112, 'recall': 0.7225351929664612, 'AP50': nan}, 'Periapical Lesion': {'AP50_95': 0.08911179006099701, 'recall': 0.5347825884819031, 'AP50': nan}, 'Deep Caries': {'AP50_95': 0.14190007746219635, 'recall': 0.5183098316192627, 'AP50': nan}}",32071370.0,0f60d191a0e24bbf96dd10643fd44148,43.73769499998161,799.853056,optimizer_lr,R0_fcos_reference,A1_sgd_lr5e4,resnet50,640.0,2.0,20.0,SGD,0.0005,fixed,0.0005,0.9,"[0.9, 0.999]",10.0,none,full,0.0,0.1,fcos_refinement_v1,,,,,
A2_sgd_lr1e3,,5,0.2544059753417969,0.41519680619239807,0.6261323690414429,,2661.626161600001,32071370,256.226322,,,optimizer_search,planned,"{'Impacted': {'AP50_95': 0.5782886147499084, 'recall': 0.6868686676025391, 'AP50': nan}, 'Caries': {'AP50_95': 0.210190549492836, 'recall': 0.7236619591712952, 'AP50': nan}, 'Periapical Lesion': {'AP50_95': 0.08526664972305298, 'recall': 0.48695650696754456, 'AP50': nan}, 'Deep Caries': {'AP50_95': 0.1438780277967453, 'recall': 0.6070422530174255, 'AP50': nan}}",32071370.0,81948cc272d846c693de9dd032d899cc,43.50732999992033,794.446336,optimizer_lr,R0_fcos_reference,A2_sgd_lr1e3,resnet50,640.0,2.0,20.0,SGD,0.001,fixed,0.0005,0.9,"[0.9, 0.999]",10.0,none,full,0.0,0.1,fcos_refinement_v1,,,,,
A3_sgd_lr2e3,,8,0.24551402032375336,0.39799705147743225,0.5845862627029419,,2790.4413105999993,32071370,256.22709,,,optimizer_search,planned,"{'Impacted': {'AP50_95': 0.568710207939148, 'recall': 0.6848484873771667, 'AP50': nan}, 'Caries': {'AP50_95': 0.2064041942358017, 'recall': 0.704507052898407, 'AP50': nan}, 'Periapical Lesion': {'AP50_95': 0.061002761125564575, 'recall': 0.43913042545318604, 'AP50': nan}, 'Deep Caries': {'AP50_95': 0.14593888819217682, 'recall': 0.5098591446876526, 'AP50': nan}}",32071370.0,6da7c19c450f4626a8de55ab7c3c7729,60.83072000001266,799.263232,optimizer_lr,R0_fcos_reference,A3_sgd_lr2e3,resnet50,640.0,2.0,20.0,SGD,0.002,fixed,0.0005,0.9,"[0.9, 0.999]",10.0,none,full,0.0,0.1,fcos_refinement_v1,,,,,
A4_adamw_lr1e4,,6,0.2557508647441864,0.42173829674720764,0.6017411351203918,,2598.039052400003,32071370,383.668946,,,optimizer_search,planned,"{'Impacted': {'AP50_95': 0.5545648336410522, 'recall': 0.6737373471260071, 'AP50': nan}, 'Caries': {'AP50_95': 0.2468709647655487, 'recall': 0.7073239684104919, 'AP50': nan}, 'Periapical Lesion': {'AP50_95': 0.05765991285443306, 'recall': 0.469565212726593, 'AP50': nan}, 'Deep Caries': {'AP50_95': 0.1639077514410019, 'recall': 0.5563380122184753, 'AP50': nan}}",32071370.0,c2a4a0bbb6284081af13a40b75b6200f,49.21004500029085,1061.4144,optimizer_lr,R0_fcos_reference,A4_adamw_lr1e4,resnet50,640.0,2.0,20.0,AdamW,0.0001,fixed,0.0005,0.9,"[0.9, 0.999]",10.0,none,full,0.0,0.1,fcos_refinement_v1,,,,,
A5_adamw_lr3e4,,18,0.20924077928066254,0.34164780378341675,0.4535464644432068,,2542.3486309,32071370,383.672082,,,optimizer_search,planned,"{'Impacted': {'AP50_95': 0.49797454476356506, 'recall': 0.6090909242630005, 'AP50': nan}, 'Caries': {'AP50_95': 0.18417595326900482, 'recall': 0.4991549253463745, 'AP50': nan}, 'Periapical Lesion': {'AP50_95': 0.07132550328969955, 'recall': 0.260869562625885, 'AP50': nan}, 'Deep Caries': {'AP50_95': 0.0834871307015419, 'recall': 0.44507041573524475, 'AP50': nan}}",32071370.0,235ce4f53dd546bdadabd595412927a8,41.65541500005929,1054.66624,optimizer_lr,R0_fcos_reference,A5_adamw_lr3e4,resnet50,640.0,2.0,20.0,AdamW,0.0003,fixed,0.0005,0.9,"[0.9, 0.999]",10.0,none,full,0.0,0.1,fcos_refinement_v1,,,,,
A6_adamw_lr5e4,,13,0.055065494030714035,0.1616649031639099,0.29091474413871765,,2276.9862589999975,32071370,383.670738,,,optimizer_search,planned,"{'Impacted': {'AP50_95': 0.15965040028095245, 'recall': 0.3696969747543335, 'AP50': nan}, 'Caries': {'AP50_95': 0.05127796158194542, 'recall': 0.39408451318740845, 'AP50': nan}, 'Periapical Lesion': {'AP50_95': 0.0014244309859350324, 'recall': 0.09565217047929764, 'AP50': nan}, 'Deep Caries': {'AP50_95': 0.007909194566309452, 'recall': 0.304225355386734, 'AP50': nan}}",32071370.0,abb00f3f661947afa8bda202c503d0a2,46.069605000229785,1055.122944,optimizer_lr,R0_fcos_reference,A6_adamw_lr5e4,resnet50,640.0,2.0,20.0,AdamW,0.0005,fixed,0.0005,0.9,"[0.9, 0.999]",10.0,none,full,0.0,0.1,fcos_refinement_v1,,,,,
B1_fixed,,5,0.26705965399742126,0.41971972584724426,0.6081072688102722,,2496.5929738999985,32071370,383.668626,,,scheduler_search,planned,"{'Impacted': {'AP50_95': 0.5841900110244751, 'recall': 0.6868686676025391, 'AP50': nan}, 'Caries': {'AP50_95': 0.23091979324817657, 'recall': 0.7183098793029785, 'AP50': nan}, 'Periapical Lesion': {'AP50_95': 0.05696406587958336, 'recall': 0.417391300201416, 'AP50': nan}, 'Deep Caries': {'AP50_95': 0.19616469740867615, 'recall': 0.6098591685295105, 'AP50': nan}}",32071370.0,e0894bc6f7ce49f1930d0788e2097afd,52.40365499994368,1054.664192,scheduler,A4_adamw_lr1e4,B1_fixed,resnet50,640.0,2.0,20.0,AdamW,0.0001,fixed,0.0005,0.9,"[0.9, 0.999]",10.0,none,full,0.0,0.1,fcos_refinement_v1,,,,,
B2_cosine,,6,0.2548362612724304,0.4025071859359741,0.6072460412979126,,2430.4021920000014,32071370,383.669202,,,scheduler_search,planned,"{'Impacted': {'AP50_95': 0.5498917698860168, 'recall': 0.6777777671813965, 'AP50': nan}, 'Caries': {'AP50_95': 0.23743696510791779, 'recall': 0.7188732624053955, 'AP50': nan}, 'Periapical Lesion': {'AP50_95': 0.06643874198198318, 'recall': 0.447826087474823, 'AP50': nan}, 'Deep Caries': {'AP50_95': 0.16557753086090088, 'recall': 0.5845070481300354, 'AP50': nan}}",32071370.0,88776f896dd54efd8bc4b2324400762a,50.82651000011538,1054.431232,scheduler,A4_adamw_lr1e4,B2_cosine,resnet50,640.0,2.0,20.0,AdamW,0.0001,cosine,0.0005,0.9,"[0.9, 0.999]",10.0,none,full,0.0,0.1,fcos_refinement_v1,,,,,
B3_cosine_warmup,,6,0.2892681658267975,0.4632343351840973,0.630008339881897,,2435.0426406999977,32071370,383.669458,,,scheduler_search,planned,"{'Impacted': {'AP50_95': 0.5704320073127747, 'recall': 0.6909090876579285, 'AP50': nan}, 'Caries': {'AP50_95': 0.23697859048843384, 'recall': 0.7228168845176697, 'AP50': nan}, 'Periapical Lesion': {'AP50_95': 0.1478148102760315, 'recall': 0.4739130437374115, 'AP50': nan}, 'Deep Caries': {'AP50_95': 0.20184722542762756, 'recall': 0.6323943734169006, 'AP50': nan}}",32071370.0,e5110163acec47e6ac3f03aa62ecf6dd,54.32522999981302,1061.57824,scheduler,A4_adamw_lr1e4,B3_cosine_warmup,resnet50,640.0,2.0,20.0,AdamW,0.0001,cosine_warmup,0.0005,0.9,"[0.9, 0.999]",10.0,none,full,3.0,0.1,fcos_refinement_v1,,,,,
B4_plateau,,8,0.27042561769485474,0.4308730363845825,0.6244354248046875,,2438.323948300007,32071370,383.669842,,,scheduler_search,planned,"{'Impacted': {'AP50_95': 0.5659977197647095, 'recall': 0.6757575869560242, 'AP50': nan}, 'Caries': {'AP50_95': 0.2257164567708969, 'recall': 0.6957746744155884, 'AP50': nan}, 'Periapical Lesion': {'AP50_95': 0.07244261354207993, 'recall': 0.530434787273407, 'AP50': nan}, 'Deep Caries': {'AP50_95': 0.217545747756958, 'recall': 0.5957746505737305, 'AP50': nan}}",32071370.0,ad0b01eca8774f50bc2388063b53133d,56.63937499994063,1055.477248,scheduler,A4_adamw_lr1e4,B4_plateau,resnet50,640.0,2.0,20.0,AdamW,0.0001,plateau,0.0005,0.9,"[0.9, 0.999]",10.0,none,full,0.0,0.1,fcos_refinement_v1,,,,,
R1_wd0,,6,0.2821246385574341,0.4525494873523712,0.6404808759689331,,2443.0722337000043,32071370,383.669458,,,regularization,planned,"{'Impacted': {'AP50_95': 0.5741873383522034, 'recall': 0.6979798078536987, 'AP50': nan}, 'Caries': {'AP50_95': 0.23135598003864288, 'recall': 0.7371830940246582, 'AP50': nan}, 'Periapical Lesion': {'AP50_95': 0.1700378656387329, 'recall': 0.5, 'AP50': nan}, 'Deep Caries': {'AP50_95': 0.15291735529899597, 'recall': 0.6267605423927307, 'AP50': nan}}",32071370.0,c89f17fbbee54e49972b1cb53360128d,53.25290999971912,1051.944448,weight_decay,B3_cosine_warmup,R1_wd0,resnet50,640.0,2.0,20.0,AdamW,0.0001,cosine_warmup,0.0,0.9,"[0.9, 0.999]",10.0,none,full,3.0,0.1,fcos_refinement_v1,,,,,
R2_wd1e5,,9,0.2660418152809143,0.4509846270084381,0.6268827319145203,,2462.788328800001,32071370,383.670226,,,regularization,planned,"{'Impacted': {'AP50_95': 0.546126127243042, 'recall': 0.6636363863945007, 'AP50': nan}, 'Caries': {'AP50_95': 0.213335782289505, 'recall': 0.7036619782447815, 'AP50': nan}, 'Periapical Lesion': {'AP50_95': 0.1475093513727188, 'recall': 0.5782608985900879, 'AP50': nan}, 'Deep Caries': {'AP50_95': 0.15719600021839142, 'recall': 0.5619718432426453, 'AP50': nan}}",32071370.0,17dd43be0da74823b2cdee8b25133492,52.32115499966312,1059.426304,weight_decay,B3_cosine_warmup,R2_wd1e5,resnet50,640.0,2.0,20.0,AdamW,0.0001,cosine_warmup,1e-05,0.9,"[0.9, 0.999]",10.0,none,full,3.0,0.1,fcos_refinement_v1,,,,,
R3_wd1e4,,8,0.2691836953163147,0.4539751708507538,0.5482551455497742,,2475.0425430999894,32071370,383.66997,,,regularization,planned,"{'Impacted': {'AP50_95': 0.5578078031539917, 'recall': 0.6747474670410156, 'AP50': nan}, 'Caries': {'AP50_95': 0.21537572145462036, 'recall': 0.6532394289970398, 'AP50': nan}, 'Periapical Lesion': {'AP50_95': 0.10050319135189056, 'recall': 0.30869564414024353, 'AP50': nan}, 'Deep Caries': {'AP50_95': 0.20304809510707855, 'recall': 0.5563380122184753, 'AP50': nan}}",32071370.0,bf25e3d326de4e3d9c80252780720b7d,53.091924999898765,1053.910528,weight_decay,B3_cosine_warmup,R3_wd1e4,resnet50,640.0,2.0,20.0,AdamW,0.0001,cosine_warmup,0.0001,0.9,"[0.9, 0.999]",10.0,none,full,3.0,0.1,fcos_refinement_v1,,,,,
R4_wd5e4,,7,0.27358773350715637,0.45658934116363525,0.6467276215553284,,2473.9743552,32071370,383.669714,,,regularization,planned,"{'Impacted': {'AP50_95': 0.5605961680412292, 'recall': 0.6707070469856262, 'AP50': nan}, 'Caries': {'AP50_95': 0.2064659297466278, 'recall': 0.7256338000297546, 'AP50': nan}, 'Periapical Lesion': {'AP50_95': 0.13281376659870148, 'recall': 0.5652173757553101, 'AP50': nan}, 'Deep Caries': {'AP50_95': 0.19447502493858337, 'recall': 0.6253520846366882, 'AP50': nan}}",32071370.0,6c29b2c8a94b42f7b29521ffdb41f1c1,55.467145000147866,1061.152256,weight_decay,B3_cosine_warmup,R4_wd5e4,resnet50,640.0,2.0,20.0,AdamW,0.0001,cosine_warmup,0.0005,0.9,"[0.9, 0.999]",10.0,none,full,3.0,0.1,fcos_refinement_v1,,,,,
R5_wd1e3,,7,0.27619731426239014,0.4532831609249115,0.6176310181617737,,2474.5354267000075,32071370,383.669714,,,regularization,planned,"{'Impacted': {'AP50_95': 0.564251184463501, 'recall': 0.6686868667602539, 'AP50': nan}, 'Caries': {'AP50_95': 0.2321789711713791, 'recall': 0.7211267352104187, 'AP50': nan}, 'Periapical Lesion': {'AP50_95': 0.13581977784633636, 'recall': 0.46521738171577454, 'AP50': nan}, 'Deep Caries': {'AP50_95': 0.1725393533706665, 'recall': 0.6154929399490356, 'AP50': nan}}",32071370.0,9abe425333054aef82b29d086a0d75aa,53.25470499956282,1058.277376,weight_decay,B3_cosine_warmup,R5_wd1e3,resnet50,640.0,2.0,20.0,AdamW,0.0001,cosine_warmup,0.001,0.9,"[0.9, 0.999]",10.0,none,full,3.0,0.1,fcos_refinement_v1,,,,,
G1_no_clip,,4,0.23648390173912048,0.3998121917247772,0.6373584270477295,,2462.6454771000135,32071370,383.668946,,,regularization,planned,"{'Impacted': {'AP50_95': 0.5328196287155151, 'recall': 0.6494949460029602, 'AP50': nan}, 'Caries': {'AP50_95': 0.23125258088111877, 'recall': 0.7295774817466736, 'AP50': nan}, 'Periapical Lesion': {'AP50_95': 0.07499122619628906, 'recall': 0.5478261113166809, 'AP50': nan}, 'Deep Caries': {'AP50_95': 0.10687216371297836, 'recall': 0.622535228729248, 'AP50': nan}}",32071370.0,09f33e36ba5f48a7bf75d76312888679,57.046770000306424,1061.053952,gradient_clipping,B3_cosine_warmup,G1_no_clip,resnet50,640.0,2.0,20.0,AdamW,0.0001,cosine_warmup,0.0005,0.9,"[0.9, 0.999]",0.0,none,full,3.0,0.1,fcos_refinement_v1,,,,,
G2_clip5,,7,0.2833552956581116,0.46648016571998596,0.5968669652938843,,2481.7082000999944,32071370,383.669714,,,regularization,planned,"{'Impacted': {'AP50_95': 0.5685685276985168, 'recall': 0.6696969866752625, 'AP50': nan}, 'Caries': {'AP50_95': 0.2230517566204071, 'recall': 0.6907042264938354, 'AP50': nan}, 'Periapical Lesion': {'AP50_95': 0.1529928594827652, 'recall': 0.46086955070495605, 'AP50': nan}, 'Deep Caries': {'AP50_95': 0.18880800902843475, 'recall': 0.5661971569061279, 'AP50': nan}}",32071370.0,1b5f40896b0b4056b745800c4be0217d,56.22848499988322,1054.467584,gradient_clipping,B3_cosine_warmup,G2_clip5,resnet50,640.0,2.0,20.0,AdamW,0.0001,cosine_warmup,0.0005,0.9,"[0.9, 0.999]",5.0,none,full,3.0,0.1,fcos_refinement_v1,,,,,
G3_clip10,,9,0.28204065561294556,0.4756581485271454,0.5887297987937927,,2494.025169600005,32071370,383.67029,,,regularization,planned,"{'Impacted': {'AP50_95': 0.5355682969093323, 'recall': 0.6535353660583496, 'AP50': nan}, 'Caries': {'AP50_95': 0.2084069401025772, 'recall': 0.704507052898407, 'AP50': nan}, 'Periapical Lesion': {'AP50_95': 0.17926228046417236, 'recall': 0.43913042545318604, 'AP50': nan}, 'Deep Caries': {'AP50_95': 0.20492510497570038, 'recall': 0.5577464699745178, 'AP50': nan}}",32071370.0,d288b254cb2d4725a25f2c98e2156a75,55.0664449998294,1060.366848,gradient_clipping,B3_cosine_warmup,G3_clip10,resnet50,640.0,2.0,20.0,AdamW,0.0001,cosine_warmup,0.0005,0.9,"[0.9, 0.999]",10.0,none,full,3.0,0.1,fcos_refinement_v1,,,,,
C1_light_aug,,19,0.25403621792793274,0.5008769631385803,0.4876877963542938,,4923.760711999988,32071370,383.67285,,,augmentation,planned,"{'Impacted': {'AP50_95': 0.4258621335029602, 'recall': 0.5464646220207214, 'AP50': nan}, 'Caries': {'AP50_95': 0.21608737111091614, 'recall': 0.6014084219932556, 'AP50': nan}, 'Periapical Lesion': {'AP50_95': 0.13035453855991364, 'recall': 0.35217392444610596, 'AP50': nan}, 'Deep Caries': {'AP50_95': 0.24384082853794098, 'recall': 0.4507042169570923, 'AP50': nan}}",32071370.0,18d31de9ad66422bb2b74180be345afb,46.53641999975662,1061.08672,augmentation,G2_clip5,C1_light_aug,resnet50,640.0,2.0,20.0,AdamW,0.0001,cosine_warmup,0.0005,0.9,"[0.9, 0.999]",5.0,light,full,3.0,0.1,fcos_refinement_v1,,,,,
C2_medium_aug,,19,0.20489516854286194,0.4292032718658447,0.4846206307411194,,4819.351493399998,32071370,383.67285,,,augmentation,planned,"{'Impacted': {'AP50_95': 0.36739253997802734, 'recall': 0.495959609746933, 'AP50': nan}, 'Caries': {'AP50_95': 0.19892220199108124, 'recall': 0.5799999833106995, 'AP50': nan}, 'Periapical Lesion': {'AP50_95': 0.0594574473798275, 'recall': 0.3695652186870575, 'AP50': nan}, 'Deep Caries': {'AP50_95': 0.193808451294899, 'recall': 0.49295774102211, 'AP50': nan}}",32071370.0,0345c727804b4547bc7661d4c1657276,41.250194999884116,1058.450944,augmentation,G2_clip5,C2_medium_aug,resnet50,640.0,2.0,20.0,AdamW,0.0001,cosine_warmup,0.0005,0.9,"[0.9, 0.999]",5.0,medium,full,3.0,0.1,fcos_refinement_v1,,,,,
C3_strong_aug,,20,0.0598001629114151,0.1843772530555725,0.3528980314731598,,2641.078340299995,32071370,383.674386,,,augmentation,planned,"{'Impacted': {'AP50_95': 0.11678044497966766, 'recall': 0.42020201683044434, 'AP50': nan}, 'Caries': {'AP50_95': 0.07158997654914856, 'recall': 0.45323944091796875, 'AP50': nan}, 'Periapical Lesion': {'AP50_95': 0.0034448402002453804, 'recall': 0.20434781908988953, 'AP50': nan}, 'Deep Caries': {'AP50_95': 0.04738539829850197, 'recall': 0.33380281925201416, 'AP50': nan}}",32071370.0,59fd38b0baa3404a814b5467ead9c247,42.63319500023499,1813.94688,augmentation,G2_clip5,C3_strong_aug,resnet50,640.0,2.0,20.0,AdamW,0.0001,cosine_warmup,0.0005,0.9,"[0.9, 0.999]",5.0,strong,full,3.0,0.1,fcos_refinement_v1,,,,,
V1_512,,14,0.2408849000930786,0.45518937706947327,0.5735014081001282,,4591.519865299997,32071370,383.67157,,,resolution,planned,"{'Impacted': {'AP50_95': 0.45695942640304565, 'recall': 0.5777778029441833, 'AP50': nan}, 'Caries': {'AP50_95': 0.19396038353443146, 'recall': 0.6422535181045532, 'AP50': nan}, 'Periapical Lesion': {'AP50_95': 0.12363757193088531, 'recall': 0.5260869860649109, 'AP50': nan}, 'Deep Caries': {'AP50_95': 0.18898223340511322, 'recall': 0.5478873252868652, 'AP50': nan}}",32071370.0,48bc83b1959545e4a00bd1f72ab6aec4,81.27869500021916,1683.71968,input_resolution,C1_light_aug,V1_512,resnet50,512.0,4.0,20.0,AdamW,0.0001,cosine_warmup,0.0005,0.9,"[0.9, 0.999]",5.0,light,full,3.0,0.1,fcos_refinement_v1,,,,,
V2_640,,17,0.2516266703605652,0.476880818605423,0.5205230116844177,,6977.3167579,32071370,383.672338,,,resolution,planned,"{'Impacted': {'AP50_95': 0.45309850573539734, 'recall': 0.5676767826080322, 'AP50': nan}, 'Caries': {'AP50_95': 0.22480033338069916, 'recall': 0.6292957663536072, 'AP50': nan}, 'Periapical Lesion': {'AP50_95': 0.1073848307132721, 'recall': 0.4217391312122345, 'AP50': nan}, 'Deep Caries': {'AP50_95': 0.22122302651405334, 'recall': 0.46338027715682983, 'AP50': nan}}",32071370.0,452737eb4c4a49f3849d151cdff47613,43.995464999898104,1686.93504,input_resolution,C1_light_aug,V2_640,resnet50,640.0,2.0,20.0,AdamW,0.0001,cosine_warmup,0.0005,0.9,"[0.9, 0.999]",5.0,light,full,3.0,0.1,fcos_refinement_v1,,,,,
V3_768,,15,0.28292641043663025,0.4811135530471802,0.5654151439666748,,6336.169609899996,32071370,383.671826,,,resolution,planned,"{'Impacted': {'AP50_95': 0.5324426889419556, 'recall': 0.6565656661987305, 'AP50': nan}, 'Caries': {'AP50_95': 0.23419451713562012, 'recall': 0.6315492987632751, 'AP50': nan}, 'Periapical Lesion': {'AP50_95': 0.12438967078924179, 'recall': 0.46086955070495605, 'AP50': nan}, 'Deep Caries': {'AP50_95': 0.2406787872314453, 'recall': 0.5126760601997375, 'AP50': nan}}",32071370.0,594e69e2999840148f86ab87c8e5741d,66.39660000000731,1682.605568,input_resolution,C1_light_aug,V3_768,resnet50,768.0,1.0,20.0,AdamW,0.0001,cosine_warmup,0.0005,0.9,"[0.9, 0.999]",5.0,light,full,3.0,0.1,fcos_refinement_v1,,,,,
V4_896,,19,0.27751263976097107,0.4652911126613617,0.5040813088417053,,7037.067797200012,32071370,383.672914,,,resolution,planned,"{'Impacted': {'AP50_95': 0.5071984529495239, 'recall': 0.6020202040672302, 'AP50': nan}, 'Caries': {'AP50_95': 0.2607370615005493, 'recall': 0.5890141129493713, 'AP50': nan}, 'Periapical Lesion': {'AP50_95': 0.11381189525127411, 'recall': 0.3478260934352875, 'AP50': nan}, 'Deep Caries': {'AP50_95': 0.22830316424369812, 'recall': 0.47746479511260986, 'AP50': nan}}",32071370.0,d8b84598fee04ffa902dbe3a1d42c016,56.47914500004845,1701.961728,input_resolution,C1_light_aug,V4_896,resnet50,896.0,1.0,20.0,AdamW,0.0001,cosine_warmup,0.0005,0.9,"[0.9, 0.999]",5.0,light,full,3.0,0.1,fcos_refinement_v1,,,,,
D1_resnet34_proxy,,10,0.20384681224822998,0.37925055623054504,0.4283618628978729,,4435.921430999995,28622538,343.746773,,,backbone_proxy,planned,"{'Impacted': {'AP50_95': 0.48143884539604187, 'recall': 0.5808081030845642, 'AP50': nan}, 'Caries': {'AP50_95': 0.1953541785478592, 'recall': 0.5788732171058655, 'AP50': nan}, 'Periapical Lesion': {'AP50_95': 0.0025872879195958376, 'recall': 0.10869564861059189, 'AP50': nan}, 'Deep Caries': {'AP50_95': 0.1360069066286087, 'recall': 0.44507041573524475, 'AP50': nan}}",28622538.0,558bc03b3d3748a497746a7cad605bfd,73.13961000036215,969.382912,backbone_proxy,V3_768,D1_resnet34_proxy,resnet34,768.0,1.0,10.0,AdamW,0.0001,cosine_warmup,0.0005,0.9,"[0.9, 0.999]",5.0,light,full,3.0,0.1,fcos_refinement_v1,proxy,,0.0,42.0,
D2_resnet50_proxy,,9,0.2492826133966446,0.43540528416633606,0.534492015838623,,3102.5608813000144,32071370,383.670354,,,backbone_proxy,planned,"{'Impacted': {'AP50_95': 0.5240616798400879, 'recall': 0.6363636255264282, 'AP50': nan}, 'Caries': {'AP50_95': 0.24479369819164276, 'recall': 0.6498591303825378, 'AP50': nan}, 'Periapical Lesion': {'AP50_95': 0.0342692956328392, 'recall': 0.2869565188884735, 'AP50': nan}, 'Deep Caries': {'AP50_95': 0.19400572776794434, 'recall': 0.5647887587547302, 'AP50': nan}}",32071370.0,b64d675a31fa4119969ffdc8e390afc0,75.00047999928938,1056.597504,backbone_proxy,V3_768,D2_resnet50_proxy,resnet50,768.0,1.0,10.0,AdamW,0.0001,cosine_warmup,0.0005,0.9,"[0.9, 0.999]",5.0,light,full,3.0,0.1,fcos_refinement_v1,proxy,,0.0,42.0,
D3_resnet101_proxy,,10,0.2204260379076004,0.40738657116889954,0.45885974168777466,,4537.760320000001,50486986,606.973989,,,backbone_proxy,planned,"{'Impacted': {'AP50_95': 0.44715988636016846, 'recall': 0.6161616444587708, 'AP50': nan}, 'Caries': {'AP50_95': 0.22861069440841675, 'recall': 0.5614084601402283, 'AP50': nan}, 'Periapical Lesion': {'AP50_95': 0.005865601357072592, 'recall': 0.20434781908988953, 'AP50': nan}, 'Deep Caries': {'AP50_95': 0.20006799697875977, 'recall': 0.45352113246917725, 'AP50': nan}}",50486986.0,74b8859910454badbea264dd7769b52f,97.65314999967813,1611.234816,backbone_proxy,V3_768,D3_resnet101_proxy,resnet101,768.0,1.0,10.0,AdamW,0.0001,cosine_warmup,0.0005,0.9,"[0.9, 0.999]",5.0,light,full,3.0,0.1,fcos_refinement_v1,proxy,,0.0,42.0,
D4_top1_confirm,,1,0.147663414478302,0.26248353719711304,0.380677193403244,,651.8765664999955,32071370,383.668306,,,backbone_confirmation_invalid,INVALID_EARLY_STOPPING,"{'Impacted': {'AP50_95': 0.38433706760406494, 'recall': 0.6131312847137451, 'AP50': nan}, 'Caries': {'AP50_95': 0.19455333054065704, 'recall': 0.6800000071525574, 'AP50': nan}, 'Periapical Lesion': {'AP50_95': 0.0, 'recall': 0.0, 'AP50': nan}, 'Deep Caries': {'AP50_95': 0.011763229966163635, 'recall': 0.2295774668455124, 'AP50': nan}}",32071370.0,55afb336b2e1414da584d89aed371d25,83.13078499922995,1050.404352,backbone_confirmation,D2_resnet50_proxy,D4_top1_confirm,resnet50,768.0,1.0,20.0,AdamW,0.0001,cosine_warmup,0.0005,0.9,"[0.9, 0.999]",5.0,light,full,3.0,0.1,fcos_refinement_v1,confirmation,6.0,0.002,42.0,
D5_top2_confirm,,3,0.11851996928453445,0.25381749868392944,0.3167477548122406,,1927.7527577999863,50486986,606.972197,,,backbone_confirmation_invalid,INVALID_EARLY_STOPPING,"{'Impacted': {'AP50_95': 0.33995911478996277, 'recall': 0.5272727012634277, 'AP50': nan}, 'Caries': {'AP50_95': 0.11833459883928299, 'recall': 0.4932394325733185, 'AP50': nan}, 'Periapical Lesion': {'AP50_95': 0.0, 'recall': 0.0, 'AP50': nan}, 'Deep Caries': {'AP50_95': 0.015786152333021164, 'recall': 0.246478870511055, 'AP50': nan}}",50486986.0,1e82c58dcaf94c9982bd1e7ca92e78ef,128.98481999873184,1615.066112,backbone_confirmation,D3_resnet101_proxy,D5_top2_confirm,resnet101,768.0,1.0,20.0,AdamW,0.0001,cosine_warmup,0.0005,0.9,"[0.9, 0.999]",5.0,light,full,3.0,0.1,fcos_refinement_v1,confirmation,6.0,0.002,42.0,
D4_resnet50_confirm_fixed,,13,0.272744357585907,0.4641017019748688,0.538372814655304,,5933.625705700018,32071370,383.671634,,,backbone_confirmation,planned,"{'Impacted': {'AP50_95': 0.5124276280403137, 'recall': 0.6373737454414368, 'AP50': nan}, 'Caries': {'AP50_95': 0.2548716068267822, 'recall': 0.6470422744750977, 'AP50': nan}, 'Periapical Lesion': {'AP50_95': 0.1131519228219986, 'recall': 0.35217392444610596, 'AP50': nan}, 'Deep Caries': {'AP50_95': 0.21052634716033936, 'recall': 0.516901433467865, 'AP50': nan}}",32071370.0,ba74e2dd1f0949918294548bb887badf,51.87742999987677,1058.596352,backbone_confirmation,D2_resnet50_proxy,D4_resnet50_confirm_fixed,resnet50,768.0,1.0,20.0,AdamW,0.0001,cosine_warmup,0.0005,0.9,"[0.9, 0.999]",5.0,light,full,3.0,0.1,fcos_refinement_v1,confirmation,6.0,0.002,42.0,10.0
D5_resnet101_confirm_optional,,13,0.2204543501138687,0.42584228515625,0.45673179626464844,,6885.993087299983,50486986,606.975077,,,backbone_confirmation_optional,planned,"{'Impacted': {'AP50_95': 0.46374160051345825, 'recall': 0.5757575631141663, 'AP50': nan}, 'Caries': {'AP50_95': 0.23884399235248566, 'recall': 0.5664788484573364, 'AP50': nan}, 'Periapical Lesion': {'AP50_95': 0.005309504456818104, 'recall': 0.25652173161506653, 'AP50': nan}, 'Deep Caries': {'AP50_95': 0.17392228543758392, 'recall': 0.42816901206970215, 'AP50': nan}}",50486986.0,44968934fdf24283ad0c14d3d05dc290,99.84522000013385,1622.701056,backbone_confirmation,D3_resnet101_proxy,D5_resnet101_confirm_optional,resnet101,768.0,1.0,20.0,AdamW,0.0001,cosine_warmup,0.0005,0.9,"[0.9, 0.999]",5.0,light,full,3.0,0.1,fcos_refinement_v1,confirmation_optional,6.0,0.002,42.0,10.0
E1_full_finetune,,18,0.2747723460197449,0.45924726128578186,0.5290660262107849,,5200.236007300002,32071370,383.672978,,,finetuning,planned,"{'Impacted': {'AP50_95': 0.4994144141674042, 'recall': 0.6212121248245239, 'AP50': nan}, 'Caries': {'AP50_95': 0.24417921900749207, 'recall': 0.6076056361198425, 'AP50': nan}, 'Periapical Lesion': {'AP50_95': 0.12657056748867035, 'recall': 0.40434783697128296, 'AP50': nan}, 'Deep Caries': {'AP50_95': 0.2289251834154129, 'recall': 0.4830985963344574, 'AP50': nan}}",32071370.0,80ebd29136e143858e2cb1d5d5382b4e,47.92202999960864,1053.124096,freeze_policy,D4_resnet50_confirm_fixed,E1_full_finetune,resnet50,768.0,1.0,20.0,AdamW,0.0001,cosine_warmup,0.0005,0.9,"[0.9, 0.999]",5.0,light,full,3.0,0.1,fcos_refinement_v1,standard,6.0,0.0,42.0,0.0
E2_freeze_backbone_3ep,,18,0.2577296495437622,0.4608308970928192,0.48030513525009155,,5116.611544300016,32071370,383.672978,,,finetuning,planned,"{'Impacted': {'AP50_95': 0.4625338315963745, 'recall': 0.573737382888794, 'AP50': nan}, 'Caries': {'AP50_95': 0.2268713414669037, 'recall': 0.6011267900466919, 'AP50': nan}, 'Periapical Lesion': {'AP50_95': 0.13625043630599976, 'recall': 0.2956521809101105, 'AP50': nan}, 'Deep Caries': {'AP50_95': 0.20526304841041565, 'recall': 0.4507042169570923, 'AP50': nan}}",32071370.0,e690e2e968844dc98ff48561fd664888,47.11728999973275,1047.193088,freeze_policy,D4_resnet50_confirm_fixed,E2_freeze_backbone_3ep,resnet50,768.0,1.0,20.0,AdamW,0.0001,cosine_warmup,0.0005,0.9,"[0.9, 0.999]",5.0,light,freeze_backbone_3ep,3.0,0.1,fcos_refinement_v1,standard,6.0,0.0,42.0,0.0
E3_freeze_backbone_5ep,,20,0.27841654419898987,0.47805073857307434,0.5166738629341125,,5096.8828350999975,32071370,383.67349,,,finetuning,planned,"{'Impacted': {'AP50_95': 0.4860171973705292, 'recall': 0.5929293036460876, 'AP50': nan}, 'Caries': {'AP50_95': 0.23560844361782074, 'recall': 0.5974647998809814, 'AP50': nan}, 'Periapical Lesion': {'AP50_95': 0.1830175220966339, 'recall': 0.40869563817977905, 'AP50': nan}, 'Deep Caries': {'AP50_95': 0.20902302861213684, 'recall': 0.4676056206226349, 'AP50': nan}}",32071370.0,49c6a6be07414242aef060a85f52c182,45.95237500034273,1048.26624,freeze_policy,D4_resnet50_confirm_fixed,E3_freeze_backbone_5ep,resnet50,768.0,1.0,20.0,AdamW,0.0001,cosine_warmup,0.0005,0.9,"[0.9, 0.999]",5.0,light,freeze_backbone_5ep,3.0,0.1,fcos_refinement_v1,standard,6.0,0.0,42.0,0.0
F_final_fcos_tuned,,17,0.28129565715789795,0.49570468068122864,0.5055831670761108,,5057.798633400002,32071370,383.672722,,,final_combination,planned,"{'Impacted': {'AP50_95': 0.46390944719314575, 'recall': 0.581818163394928, 'AP50': nan}, 'Caries': {'AP50_95': 0.25530576705932617, 'recall': 0.6045070290565491, 'AP50': nan}, 'Periapical Lesion': {'AP50_95': 0.1779390424489975, 'recall': 0.37826088070869446, 'AP50': nan}, 'Deep Caries': {'AP50_95': 0.22802835702896118, 'recall': 0.4577464759349823, 'AP50': nan}}",32071370.0,5b2630950f384adeb9c68bacc44764bb,47.245405000285245,1048.799744,combined_best,E3_freeze_backbone_5ep,F_final_fcos_tuned,resnet50,768.0,1.0,20.0,AdamW,0.0001,cosine_warmup,0.0005,0.9,"[0.9, 0.999]",5.0,light,freeze_backbone_5ep,3.0,0.1,fcos_refinement_v1,standard,6.0,0.002,42.0,10.0
