image_id,file_name
1,train_673.png
2,train_283.png
3,train_435.png
4,train_95.png
5,train_475.png
6,train_62.png
7,train_637.png
8,train_187.png
9,train_509.png
10,train_31.png
11,train_498.png
12,train_264.png
13,train_581.png
14,train_458.png
15,train_646.png
16,train_12.png
17,train_564.png
18,train_559.png
19,train_693.png
20,train_324.png
21,train_136.png
22,train_305.png
23,train_348.png
24,train_251.png
25,train_176.png
26,train_621.png
27,train_453.png
28,train_289.png
29,train_229.png
30,train_499.png
31,train_669.png
32,train_290.png
33,train_254.png
34,train_271.png
35,train_702.png
36,train_666.png
37,train_440.png
38,train_61.png
39,train_41.png
40,train_383.png
41,train_536.png
42,train_700.png
43,train_209.png
44,train_682.png
45,train_7.png
46,train_654.png
47,train_54.png
48,train_233.png
49,train_568.png
50,train_493.png
51,train_311.png
52,train_655.png
53,train_225.png
54,train_482.png
55,train_487.png
56,train_3.png
57,train_0.png
58,train_663.png
59,train_698.png
60,train_292.png
61,train_19.png
62,train_617.png
63,train_592.png
64,train_541.png
65,train_113.png
66,train_217.png
67,train_634.png
68,train_404.png
69,train_117.png
70,train_495.png
71,train_447.png
72,train_630.png
73,train_474.png
74,train_679.png
75,train_294.png
76,train_441.png
77,train_405.png
78,train_694.png
79,train_92.png
80,train_431.png
81,train_518.png
82,train_606.png
83,train_110.png
84,train_153.png
85,train_137.png
86,train_326.png
87,train_687.png
88,train_545.png
89,train_544.png
90,train_480.png
91,train_231.png
92,train_108.png
93,train_521.png
94,train_309.png
95,train_5.png
96,train_424.png
97,train_141.png
98,train_87.png
99,train_608.png
100,train_538.png
101,train_125.png
102,train_223.png
103,train_656.png
104,train_328.png
105,train_534.png
106,train_188.png
107,train_686.png
108,train_513.png
109,train_683.png
110,train_112.png
111,train_393.png
112,train_355.png
113,train_457.png
114,train_58.png
115,train_385.png
116,train_86.png
117,train_452.png
118,train_66.png
119,train_300.png
120,train_500.png
121,train_531.png
122,train_246.png
123,train_35.png
124,train_315.png
125,train_456.png
126,train_466.png
127,train_263.png
128,train_240.png
129,train_166.png
130,train_603.png
131,train_604.png
132,train_199.png
133,train_285.png
134,train_319.png
135,train_210.png
136,train_400.png
137,train_502.png
138,train_573.png
139,train_588.png
140,train_204.png
141,train_250.png
142,train_266.png
143,train_127.png
144,train_451.png
145,train_313.png
146,train_704.png
147,train_428.png
148,train_273.png
149,train_101.png
150,train_169.png
151,train_303.png
152,train_511.png
153,train_162.png
154,train_255.png
155,train_485.png
156,train_436.png
157,train_645.png
158,train_438.png
159,train_388.png
160,train_220.png
161,train_591.png
162,train_505.png
163,train_291.png
164,train_510.png
165,train_29.png
166,train_44.png
167,train_434.png
168,train_274.png
169,train_372.png
170,train_417.png
171,train_415.png
172,train_331.png
173,train_247.png
174,train_243.png
175,train_332.png
176,train_276.png
177,train_551.png
178,train_170.png
179,train_407.png
180,train_529.png
181,train_84.png
182,train_467.png
183,train_664.png
184,train_102.png
185,train_615.png
186,train_330.png
187,train_496.png
188,train_79.png
189,train_437.png
190,train_462.png
191,train_216.png
192,train_497.png
193,train_16.png
194,train_103.png
195,train_155.png
196,train_356.png
197,train_362.png
198,train_10.png
199,train_570.png
200,train_327.png
201,train_506.png
202,train_391.png
203,train_22.png
204,train_177.png
205,train_30.png
206,train_611.png
207,train_524.png
208,train_325.png
209,train_596.png
210,train_130.png
211,train_402.png
212,train_277.png
213,train_392.png
214,train_430.png
215,train_471.png
216,train_450.png
217,train_578.png
218,train_347.png
219,train_143.png
220,train_80.png
221,train_618.png
222,train_129.png
223,train_446.png
224,train_549.png
225,train_464.png
226,train_676.png
227,train_218.png
228,train_213.png
229,train_658.png
230,train_540.png
231,train_546.png
232,train_9.png
233,train_135.png
234,train_681.png
235,train_261.png
236,train_152.png
237,train_548.png
238,train_561.png
239,train_696.png
240,train_455.png
241,train_519.png
242,train_358.png
243,train_623.png
244,train_49.png
245,train_343.png
246,train_159.png
247,train_25.png
248,train_287.png
249,train_365.png
250,train_515.png
251,train_460.png
252,train_454.png
253,train_107.png
254,train_85.png
255,train_477.png
256,train_583.png
257,train_602.png
258,train_4.png
259,train_154.png
260,train_336.png
261,train_195.png
262,train_322.png
263,train_593.png
264,train_228.png
265,train_412.png
266,train_26.png
267,train_674.png
268,train_609.png
269,train_160.png
270,train_514.png
271,train_416.png
272,train_191.png
273,train_665.png
274,train_527.png
275,train_38.png
276,train_88.png
277,train_11.png
278,train_373.png
279,train_542.png
280,train_181.png
281,train_156.png
282,train_57.png
283,train_555.png
284,train_308.png
285,train_171.png
286,train_421.png
287,train_37.png
288,train_98.png
289,train_353.png
290,train_14.png
291,train_128.png
292,train_252.png
293,train_211.png
294,train_286.png
295,train_93.png
296,train_703.png
297,train_610.png
298,train_304.png
299,train_585.png
300,train_584.png
301,train_172.png
302,train_124.png
303,train_145.png
304,train_528.png
305,train_576.png
306,train_280.png
307,train_312.png
308,train_200.png
309,train_265.png
310,train_394.png
311,train_468.png
312,train_423.png
313,train_56.png
314,train_158.png
315,train_234.png
316,train_299.png
317,train_115.png
318,train_214.png
319,train_648.png
320,train_376.png
321,train_620.png
322,train_241.png
323,train_134.png
324,train_636.png
325,train_281.png
326,train_183.png
327,train_366.png
328,train_123.png
329,train_413.png
330,train_118.png
331,train_40.png
332,train_367.png
333,train_586.png
334,train_386.png
335,train_104.png
336,train_662.png
337,train_51.png
338,train_565.png
339,train_219.png
340,train_133.png
341,train_363.png
342,train_685.png
343,train_483.png
344,train_260.png
345,train_340.png
346,train_643.png
347,train_408.png
348,train_670.png
349,train_27.png
350,train_699.png
351,train_65.png
352,train_622.png
353,train_374.png
354,train_297.png
355,train_571.png
356,train_301.png
357,train_476.png
358,train_105.png
359,train_557.png
360,train_248.png
361,train_253.png
362,train_293.png
363,train_484.png
364,train_649.png
365,train_688.png
366,train_612.png
367,train_695.png
368,train_257.png
369,train_562.png
370,train_631.png
371,train_624.png
372,train_677.png
373,train_470.png
374,train_314.png
375,train_635.png
376,train_600.png
377,train_150.png
378,train_161.png
379,train_174.png
380,train_151.png
381,train_692.png
382,train_680.png
383,train_530.png
384,train_632.png
385,train_409.png
386,train_121.png
387,train_64.png
388,train_507.png
389,train_196.png
390,train_689.png
391,train_369.png
392,train_244.png
393,train_173.png
394,train_94.png
395,train_488.png
396,train_401.png
397,train_232.png
398,train_629.png
399,train_605.png
400,train_489.png
401,train_334.png
402,train_116.png
403,train_639.png
404,train_582.png
405,train_259.png
406,train_205.png
407,train_442.png
408,train_122.png
409,train_478.png
410,train_59.png
411,train_83.png
412,train_349.png
413,train_626.png
414,train_74.png
415,train_566.png
416,train_660.png
417,train_526.png
418,train_614.png
419,train_590.png
420,train_67.png
421,train_321.png
422,train_346.png
423,train_469.png
424,train_320.png
425,train_396.png
426,train_20.png
427,train_597.png
428,train_535.png
429,train_215.png
430,train_148.png
431,train_403.png
432,train_382.png
433,train_50.png
434,train_245.png
435,train_337.png
436,train_406.png
437,train_24.png
438,train_552.png
439,train_387.png
440,train_206.png
441,train_73.png
442,train_1.png
443,train_100.png
444,train_106.png
445,train_594.png
446,train_459.png
447,train_377.png
448,train_164.png
449,train_142.png
450,train_2.png
451,train_439.png
452,train_638.png
453,train_306.png
454,train_6.png
455,train_146.png
456,train_237.png
457,train_652.png
458,train_461.png
459,train_473.png
460,train_381.png
461,train_361.png
462,train_651.png
463,train_691.png
464,train_351.png
465,train_76.png
466,train_236.png
467,train_69.png
468,train_532.png
469,train_226.png
470,train_379.png
471,train_486.png
472,train_132.png
473,train_239.png
474,train_375.png
475,train_190.png
476,train_697.png
477,train_77.png
478,train_168.png
479,train_425.png
480,train_414.png
481,train_267.png
482,train_448.png
483,train_8.png
484,train_144.png
485,train_208.png
486,train_96.png
487,train_503.png
488,train_282.png
489,train_99.png
490,train_48.png
491,train_352.png
492,train_411.png
493,train_512.png
494,train_89.png
495,train_398.png
496,train_410.png
497,train_579.png
498,train_119.png
499,train_109.png
500,train_543.png
501,train_492.png
502,train_364.png
503,train_517.png
504,train_310.png
505,train_147.png
506,train_81.png
507,train_28.png
508,train_91.png
509,train_272.png
510,train_296.png
511,train_78.png
512,train_650.png
513,train_341.png
514,train_472.png
515,train_198.png
516,train_212.png
517,train_560.png
518,train_295.png
519,train_203.png
520,train_420.png
521,train_572.png
522,train_157.png
523,train_445.png
524,train_672.png
525,train_628.png
526,train_575.png
527,train_554.png
528,train_625.png
529,train_494.png
530,train_202.png
531,train_523.png
532,train_640.png
533,train_595.png
534,train_690.png
535,train_659.png
536,train_481.png
537,train_126.png
538,train_432.png
539,train_262.png
540,train_149.png
541,train_443.png
542,train_533.png
543,train_433.png
544,train_501.png
545,train_371.png
546,train_270.png
547,train_18.png
548,train_39.png
549,train_504.png
550,train_577.png
551,train_339.png
552,train_644.png
553,train_184.png
554,train_167.png
555,train_72.png
556,train_192.png
557,train_207.png
558,train_516.png
559,train_598.png
560,train_359.png
561,train_539.png
562,train_17.png
563,train_619.png
564,train_678.png
565,train_268.png
566,train_182.png
567,train_302.png
568,train_426.png
569,train_661.png
570,train_70.png
571,train_345.png
572,train_47.png
573,train_15.png
574,train_279.png
575,train_201.png
576,train_269.png
577,train_131.png
578,train_43.png
579,train_230.png
580,train_653.png
581,train_189.png
582,train_75.png
583,train_580.png
584,train_684.png
585,train_32.png
586,train_316.png
587,train_175.png
588,train_550.png
589,train_701.png
590,train_21.png
591,train_165.png
592,train_333.png
593,train_419.png
594,train_537.png
595,train_63.png
596,train_574.png
597,train_55.png
598,train_307.png
599,train_278.png
600,train_418.png
601,train_380.png
602,train_633.png
603,train_491.png
604,train_354.png
605,train_520.png
606,train_163.png
607,train_242.png
608,train_36.png
609,train_186.png
610,train_397.png
611,train_508.png
612,train_522.png
613,train_384.png
614,train_569.png
615,train_553.png
616,train_140.png
617,train_449.png
618,train_547.png
619,train_284.png
620,train_222.png
621,train_671.png
622,train_60.png
623,train_114.png
624,train_318.png
625,train_395.png
626,train_357.png
627,train_567.png
628,train_399.png
629,train_390.png
630,train_490.png
631,train_642.png
632,train_587.png
633,train_53.png
634,train_427.png
635,train_641.png
636,train_667.png
637,train_139.png
638,train_256.png
639,train_42.png
640,train_221.png
641,train_23.png
642,train_563.png
643,train_97.png
644,train_601.png
645,train_197.png
646,train_275.png
647,train_422.png
648,train_378.png
649,train_258.png
650,train_616.png
651,train_647.png
652,train_178.png
653,train_350.png
654,train_249.png
655,train_235.png
656,train_180.png
657,train_317.png
658,train_13.png
659,train_463.png
660,train_68.png
661,train_82.png
662,train_360.png
663,train_589.png
664,train_368.png
665,train_288.png
666,train_71.png
667,train_46.png
668,train_34.png
669,train_298.png
670,train_342.png
671,train_429.png
672,train_90.png
673,train_45.png
674,train_323.png
675,train_444.png
676,train_525.png
677,train_185.png
678,train_465.png
679,train_335.png
680,train_627.png
681,train_227.png
682,train_52.png
683,train_556.png
684,train_179.png
685,train_329.png
686,train_558.png
687,train_479.png
688,train_607.png
689,train_138.png
690,train_668.png
691,train_194.png
692,train_111.png
693,train_33.png
694,train_389.png
695,train_120.png
696,train_238.png
697,train_224.png
698,train_675.png
699,train_193.png
700,train_613.png
701,train_338.png
702,train_657.png
703,train_344.png
704,train_599.png
705,train_370.png
