image_id,file_name,event_type,prediction_index,predicted_label,actual_label,confidence,iou,prediction_box,gt_index,gt_box,relative_bbox_area,size_category,gt_class,best_prediction_class,diagnostic_reason
2,train_283.png,false_negative,3,1,1,0.49161577224731445,0.6335144639015198,"[1995.1478271484375, 1035.3111572265625, 2160.969970703125, 1215.2242431640625]",1.0,"[2013.0, 1049.0, 2153.0, 1184.0]",0.00437551857997985,small,Impacted,Impacted,best candidate below fixed confidence
2,train_283.png,false_negative,7,2,2,0.43425559997558594,0.7103480100631714,"[1737.6480712890625, 632.040283203125, 1857.07568359375, 922.2009887695312]",3.0,"[1732.0, 679.0, 1872.0, 931.0]",0.008167634682629052,small,Caries,Caries,best candidate below fixed confidence
25,train_176.png,false_negative,6,2,2,0.464574933052063,0.7931162714958191,"[1002.8250732421875, 461.43023681640625, 1140.4580078125, 768.046875]",2.0,"[985.1239624023438, 481.81817626953125, 1134.710693359375, 770.2479248046875]",0.01000244424772726,medium,Caries,Caries,best candidate below fixed confidence
25,train_176.png,false_negative,29,3,2,0.2666589021682739,0.8414510488510132,"[1190.510986328125, 482.1865234375, 1283.05224609375, 786.9737548828125]",3.0,"[1190.0826416015625, 518.1818237304688, 1285.950439453125, 782.6446533203125]",0.0058777405037916935,small,Caries,Periapical Lesion,best candidate below fixed confidence
25,train_176.png,false_negative,41,2,2,0.23816822469234467,0.925000786781311,"[1718.260986328125, 443.07177734375, 1840.571044921875, 752.2598266601562]",5.0,"[1717.0, 447.0, 1835.0, 755.0]",0.008425695124484406,small,Caries,Caries,best candidate below fixed confidence
25,train_176.png,false_negative,18,2,2,0.3421776294708252,0.8833090662956238,"[1001.9662475585938, 763.2687377929688, 1221.25634765625, 1072.0579833984375]",6.0,"[996.0, 771.0, 1209.0, 1077.0]",0.015110333392682276,medium,Caries,Caries,best candidate below fixed confidence
29,train_229.png,false_negative,1,4,2,0.4739486873149872,0.7065606117248535,"[2008.6346435546875, 412.9039611816406, 2133.908935546875, 694.6207275390625]",0.0,"[2028.0, 382.0, 2144.0, 699.0]",0.009698802235377155,small,Caries,Deep Caries,best candidate below fixed confidence
35,train_702.png,false_negative,17,3,2,0.23222392797470093,0.8051284551620483,"[866.6806030273438, 759.5447387695312, 1090.423583984375, 1044.1094970703125]",1.0,"[872.727294921875, 765.4545288085938, 1085.45458984375, 1090.9090576171875]",0.01822893602632707,medium,Caries,Periapical Lesion,best candidate below fixed confidence
45,train_7.png,false_negative,4,1,1,0.4629083275794983,0.769862949848175,"[884.2567749023438, 457.43646240234375, 1081.855712890625, 651.01318359375]",2.0,"[859.0, 439.0, 1077.0, 657.0]",0.012367281508931174,medium,Impacted,Impacted,best candidate below fixed confidence
49,train_568.png,false_negative,37,2,4,0.21865259110927582,0.18164220452308655,"[1721.44384765625, 334.0830078125, 1838.15576171875, 673.246337890625]",0.0,"[1631.9285888671875, 319.6428527832031, 1760.5, 664.2857055664062]",0.011847691145832107,medium,Deep Caries,Caries,best candidate below fixed confidence
49,train_568.png,false_negative,8,2,2,0.42829272150993347,0.8543252944946289,"[1802.2501220703125, 362.7458801269531, 1957.5831298828125, 678.20166015625]",1.0,"[1796.2142333984375, 358.9285583496094, 1946.2142333984375, 667.8571166992188]",0.012389944298516553,medium,Caries,Caries,best candidate below fixed confidence
50,train_493.png,false_negative,25,4,2,0.2245316356420517,0.8623515367507935,"[785.51708984375, 752.1820678710938, 982.915771484375, 1028.841552734375]",3.0,"[794.3333129882812, 750.0, 980.4444580078125, 1007.111083984375]",0.012789702174044739,medium,Caries,Deep Caries,best candidate below fixed confidence
60,train_292.png,false_negative,57,4,2,0.21335279941558838,0.8746588230133057,"[1630.28955078125, 450.462158203125, 1792.086181640625, 783.3358154296875]",5.0,"[1631.0, 428.0, 1785.0, 776.0]",0.015275095369587077,medium,Caries,Deep Caries,best candidate below fixed confidence
63,train_592.png,false_negative,33,2,4,0.24304582178592682,0.8436948657035828,"[888.9733276367188, 539.5807495117188, 1064.269775390625, 832.5408325195312]",0.0,"[876.0, 537.0, 1052.0, 827.0]",0.0117670493109452,medium,Deep Caries,Caries,best candidate below fixed confidence
63,train_592.png,false_negative,2,2,2,0.4971711039543152,0.8585470914840698,"[637.9607543945312, 753.2721557617188, 914.6732788085938, 1035.9598388671875]",1.0,"[637.0, 741.0, 901.0, 1020.0]",0.016981069436657125,medium,Caries,Caries,best candidate below fixed confidence
63,train_592.png,false_negative,0,4,4,0.661297619342804,0.8088783025741577,"[1879.5208740234375, 863.640625, 2162.896484375, 1186.69775390625]",2.0,"[1898.0, 868.0, 2179.0, 1162.0]",0.019046297252633754,medium,Deep Caries,Deep Caries,unmatched or spatially misclassified
63,train_592.png,false_negative,23,4,2,0.2973541021347046,0.606976330280304,"[1857.160888671875, 583.9630737304688, 1981.49853515625, 867.5520629882812]",4.0,"[1881.0, 557.0, 2007.0, 876.0]",0.009266551332369345,small,Caries,Deep Caries,best candidate below fixed confidence
63,train_592.png,false_negative,3,4,4,0.49677735567092896,0.5137848854064941,"[1797.1097412109375, 621.5075073242188, 1893.3804931640625, 812.6151733398438]",5.0,"[1815.3077392578125, 648.3846435546875, 1884.5384521484375, 784.923095703125]",0.0021792682249135954,small,Deep Caries,Deep Caries,best candidate below fixed confidence
64,train_541.png,false_negative,0,2,4,0.6266772150993347,0.7792010307312012,"[648.333984375, 779.4970703125, 916.05859375, 1032.67333984375]",5.0,"[682.0, 774.0, 923.0, 1015.0]",0.01617240691837419,medium,Deep Caries,Caries,unmatched or spatially misclassified
64,train_541.png,false_negative,12,4,4,0.36255860328674316,0.7344529032707214,"[1702.2503662109375, 875.6287231445312, 1875.7813720703125, 1052.0780029296875]",6.0,"[1719.0, 870.0, 1898.0, 1041.0]",0.008522945599499242,small,Deep Caries,Deep Caries,best candidate below fixed confidence
64,train_541.png,false_negative,25,1,2,0.2719569802284241,0.8376579284667969,"[710.5888671875, 498.5068359375, 886.4547119140625, 784.3994140625]",7.0,"[698.0, 483.0, 891.0, 794.0]",0.016713148541891047,medium,Caries,Impacted,best candidate below fixed confidence
64,train_541.png,false_negative,13,2,2,0.35194143652915955,0.7937833070755005,"[866.3463134765625, 489.7972412109375, 1039.9991455078125, 806.7333374023438]",8.0,"[851.0, 468.0, 1033.0, 793.0]",0.01647006541247281,medium,Caries,Caries,best candidate below fixed confidence
118,train_66.png,false_negative,1,2,4,0.5666176676750183,0.8963531255722046,"[1761.7451171875, 806.66455078125, 1986.346435546875, 1086.3421630859375]",1.0,"[1763.0, 797.0, 1979.0, 1076.0]",0.01543421404445865,medium,Deep Caries,Caries,unmatched or spatially misclassified
123,train_35.png,false_negative,7,2,2,0.33490902185440063,0.8517107963562012,"[1877.90966796875, 771.8597412109375, 2079.36328125, 1014.8497924804688]",1.0,"[1877.0, 753.0, 2083.0, 1032.0]",0.015174861806683551,medium,Caries,Caries,best candidate below fixed confidence
134,train_319.png,false_negative,31,4,2,0.20449033379554749,0.8238622546195984,"[991.6838989257812, 503.6394348144531, 1102.312255859375, 806.9068603515625]",0.0,"[1002.64404296875, 492.1355895996094, 1104.3389892578125, 795.5254516601562]",0.008358179251904001,small,Caries,Deep Caries,best candidate below fixed confidence
134,train_319.png,false_negative,2,2,2,0.45749974250793457,0.8315163254737854,"[1748.5614013671875, 497.8960876464844, 1914.263671875, 802.3589477539062]",1.0,"[1753.4915771484375, 465.0169372558594, 1907.728759765625, 797.2203369140625]",0.01388047733344516,medium,Caries,Caries,best candidate below fixed confidence
134,train_319.png,false_negative,0,2,2,0.6179800629615784,0.0,"[864.7315063476562, 481.1641540527344, 1025.3028564453125, 800.9827880859375]",2.0,"[1532.847412109375, 849.4576416015625, 1624.3729248046875, 1159.6270751953125]",0.007690461678852531,small,Caries,Caries,no meaningful spatial correspondence
136,train_400.png,false_negative,13,2,2,0.20400400459766388,0.07677032053470612,"[2023.2913818359375, 298.7047119140625, 2157.214599609375, 577.3443603515625]",0.0,"[2002.0, 527.0, 2231.0, 777.0]",0.015285677973885387,medium,Caries,Caries,best candidate below fixed confidence
136,train_400.png,false_negative,1,2,2,0.4493892192840576,0.7364591956138611,"[726.8599243164062, 299.3894348144531, 863.523681640625, 615.4635009765625]",1.0,"[730.0, 358.0, 862.0, 599.0]",0.008493763977384139,small,Caries,Caries,best candidate below fixed confidence
140,train_204.png,false_negative,15,2,2,0.24228309094905853,0.8356634378433228,"[1817.0826416015625, 467.382080078125, 1966.0712890625, 791.453125]",0.0,"[1806.0, 450.0, 1960.0, 786.0]",0.01369051146802584,medium,Caries,Caries,best candidate below fixed confidence
144,train_451.png,false_negative,20,2,2,0.24538256227970123,0.3516642153263092,"[1844.9891357421875, 414.34051513671875, 1992.439453125, 679.8070678710938]",2.0,"[1909.7894287109375, 359.1052551269531, 2028.0, 643.3157958984375]",0.009153603439633819,small,Caries,Caries,best candidate below fixed confidence
144,train_451.png,false_negative,7,2,4,0.43179917335510254,0.9267749190330505,"[1759.953857421875, 700.94580078125, 1989.9066162109375, 971.5021362304688]",4.0,"[1749.403564453125, 694.9824829101562, 1989.75439453125, 973.9298095703125]",0.018266840069389636,medium,Deep Caries,Caries,best candidate below fixed confidence
144,train_451.png,false_negative,0,2,4,0.5731157064437866,0.0,"[808.2551879882812, 463.8372802734375, 940.865234375, 740.9160766601562]",5.0,"[1094.5087890625, 790.4561157226562, 1201.5263671875, 1076.4210205078125]",0.008338029977422605,small,Deep Caries,Caries,no meaningful spatial correspondence
144,train_451.png,false_negative,21,2,2,0.2282695174217224,0.6996675133705139,"[658.4098510742188, 708.5922241210938, 859.8717041015625, 946.9796142578125]",6.0,"[645.368408203125, 725.0350952148438, 854.140380859375, 1000.4736938476562]",0.01566724343198185,medium,Caries,Caries,best candidate below fixed confidence
144,train_451.png,false_negative,20,2,1,0.24538256227970123,0.4187721908092499,"[1844.9891357421875, 414.34051513671875, 1992.439453125, 679.8070678710938]",8.0,"[1899.0, 399.0, 2052.0, 668.0]",0.011213451455511829,medium,Impacted,Caries,best candidate below fixed confidence
154,train_255.png,false_negative,0,1,3,0.5798811912536621,0.0,"[2021.800048828125, 732.7681274414062, 2252.39453125, 908.403076171875]",2.0,"[1447.0, 786.0, 1560.0, 1085.0]",0.008691270195685413,small,Periapical Lesion,Impacted,no meaningful spatial correspondence
154,train_255.png,false_negative,0,1,2,0.5798811912536621,0.0,"[2021.800048828125, 732.7681274414062, 2252.39453125, 908.403076171875]",3.0,"[1661.0, 787.0, 1769.0, 1065.0]",0.007723286955197527,small,Caries,Impacted,no meaningful spatial correspondence
154,train_255.png,false_negative,11,1,3,0.24355599284172058,0.206783264875412,"[888.889892578125, 738.8624877929688, 1110.1822509765625, 976.9524536132812]",4.0,"[1004.0, 769.0, 1280.0, 1045.0]",0.019595294001436413,medium,Periapical Lesion,Impacted,best candidate below fixed confidence
154,train_255.png,false_negative,0,1,2,0.5798811912536621,0.0,"[2021.800048828125, 732.7681274414062, 2252.39453125, 908.403076171875]",5.0,"[1812.0, 481.0, 1978.0, 755.0]",0.01170017265754744,medium,Caries,Impacted,no meaningful spatial correspondence
154,train_255.png,false_negative,5,2,2,0.345428466796875,0.8533706068992615,"[1784.5570068359375, 768.9014282226562, 1993.306640625, 1042.840087890625]",6.0,"[1771.0, 756.0, 1990.0, 1053.0]",0.0167314732689486,medium,Caries,Caries,best candidate below fixed confidence
154,train_255.png,false_negative,15,1,2,0.2032918632030487,0.2937999963760376,"[1980.3597412109375, 738.4320068359375, 2143.98193359375, 938.7725219726562]",7.0,"[1887.0, 714.0, 2076.0, 987.0]",0.013272663103761219,medium,Caries,Impacted,best candidate below fixed confidence
154,train_255.png,false_negative,2,2,1,0.44451043009757996,0.700323760509491,"[957.685302734375, 484.5890197753906, 1172.3919677734375, 732.4568481445312]",8.0,"[968.0555419921875, 495.5, 1161.111083984375, 688.5555419921875]",0.009587340820107215,small,Impacted,Caries,best candidate below fixed confidence
154,train_255.png,false_negative,7,1,1,0.3011065125465393,0.00023993622744455934,"[2028.6531982421875, 682.7595825195312, 2250.848876953125, 870.5160522460938]",9.0,"[1852.77783203125, 485.77777099609375, 2040.27783203125, 684.388916015625]",0.009579404385780064,small,Impacted,Impacted,best candidate below fixed confidence
154,train_255.png,false_negative,0,1,3,0.5798811912536621,0.0,"[2021.800048828125, 732.7681274414062, 2252.39453125, 908.403076171875]",10.0,"[1398.611083984375, 794.111083984375, 1469.4444580078125, 1069.111083984375]",0.005010767393973375,small,Periapical Lesion,Impacted,no meaningful spatial correspondence
155,train_485.png,false_negative,36,2,2,0.22433310747146606,0.8064888715744019,"[878.2677612304688, 421.4430236816406, 1037.2205810546875, 729.15625]",0.0,"[892.9824829101562, 424.5614013671875, 1049.122802734375, 717.5438842773438]",0.012406026357770258,medium,Caries,Caries,best candidate below fixed confidence
155,train_485.png,false_negative,11,2,2,0.3782222270965576,0.6632328629493713,"[1631.7109375, 415.1096496582031, 1747.275146484375, 728.1663818359375]",2.0,"[1607.017578125, 428.0701904296875, 1728.0701904296875, 728.0701904296875]",0.00984852973326864,small,Caries,Caries,best candidate below fixed confidence
155,train_485.png,false_negative,38,3,2,0.21930190920829773,0.7820025086402893,"[1699.6016845703125, 415.6070556640625, 1820.4437255859375, 736.19091796875]",4.0,"[1691.0, 440.0, 1813.0, 724.0]",0.009396241069665827,small,Caries,Periapical Lesion,best candidate below fixed confidence
159,train_388.png,false_negative,11,4,2,0.2881145775318146,0.8871227502822876,"[788.7124633789062, 683.9892578125, 1038.5997314453125, 914.0496826171875]",0.0,"[798.0, 693.0, 1041.0, 922.0]",0.014784949093459732,medium,Caries,Deep Caries,best candidate below fixed confidence
159,train_388.png,false_negative,0,2,2,0.5354501605033875,0.0,"[670.76318359375, 652.33203125, 916.0118408203125, 862.5081176757812]",2.0,"[1113.7930908203125, 443.10345458984375, 1204.310302734375, 712.9310302734375]",0.006489266012819519,small,Caries,Caries,no meaningful spatial correspondence
159,train_388.png,false_negative,8,2,2,0.2961456775665283,0.8779537081718445,"[1658.36669921875, 710.557861328125, 1767.4586181640625, 1021.6463012695312]",3.0,"[1656.034423828125, 722.413818359375, 1762.0689697265625, 1015.5172119140625]",0.008257456702037936,small,Caries,Caries,best candidate below fixed confidence
159,train_388.png,false_negative,8,2,2,0.2961456775665283,0.14673133194446564,"[1658.36669921875, 710.557861328125, 1767.4586181640625, 1021.6463012695312]",4.0,"[1734.4827880859375, 708.6206665039062, 1859.4827880859375, 968.1034545898438]",0.008617804671589631,small,Caries,Caries,best candidate below fixed confidence
162,train_505.png,false_negative,0,2,2,0.6874241232872009,0.0,"[991.876708984375, 706.7328491210938, 1236.248046875, 1018.8251342773438]",4.0,"[1675.0, 746.0, 1770.0, 1080.0]",0.008228990528750894,small,Caries,Caries,no meaningful spatial correspondence
162,train_505.png,false_negative,13,2,2,0.3211086094379425,0.9177345633506775,"[1720.3697509765625, 389.5941467285156, 1876.0712890625, 724.7078857421875]",5.0,"[1719.0, 398.0, 1883.0, 728.0]",0.014035706505389172,medium,Caries,Caries,best candidate below fixed confidence
162,train_505.png,false_negative,0,2,2,0.6874241232872009,0.0,"[991.876708984375, 706.7328491210938, 1236.248046875, 1018.8251342773438]",6.0,"[1557.0, 744.0, 1648.0, 1012.0]",0.006324885629220826,small,Caries,Caries,no meaningful spatial correspondence
164,train_510.png,false_negative,0,2,2,0.6016950011253357,0.0,"[847.9722290039062, 644.0874633789062, 1137.549072265625, 916.4410400390625]",1.0,"[1690.0, 345.0, 1794.0, 660.0]",0.008595862231103797,small,Caries,Caries,no meaningful spatial correspondence
164,train_510.png,false_negative,0,2,3,0.6016950011253357,0.0,"[847.9722290039062, 644.0874633789062, 1137.549072265625, 916.4410400390625]",3.0,"[1632.876708984375, 266.630126953125, 1738.356201171875, 658.4109497070312]",0.010843182251402987,medium,Periapical Lesion,Caries,no meaningful spatial correspondence
164,train_510.png,false_negative,0,2,3,0.6016950011253357,0.0,"[847.9722290039062, 644.0874633789062, 1137.549072265625, 916.4410400390625]",4.0,"[1235.616455078125, 258.41094970703125, 1332.876708984375, 641.9725952148438]",0.009788499552571437,small,Periapical Lesion,Caries,no meaningful spatial correspondence
164,train_510.png,false_negative,0,2,3,0.6016950011253357,0.0,"[847.9722290039062, 644.0874633789062, 1137.549072265625, 916.4410400390625]",5.0,"[1379.4520263671875, 358.41094970703125, 1476.7122802734375, 641.9725952148438]",0.007236497894634014,small,Periapical Lesion,Caries,no meaningful spatial correspondence
164,train_510.png,false_negative,0,2,3,0.6016950011253357,0.0,"[847.9722290039062, 644.0874633789062, 1137.549072265625, 916.4410400390625]",6.0,"[1463.013671875, 348.8219299316406, 1575.3424072265625, 655.6712036132812]",0.009044020170417477,small,Periapical Lesion,Caries,no meaningful spatial correspondence
165,train_29.png,false_negative,5,2,2,0.3000366985797882,0.8378355503082275,"[829.1055297851562, 401.3517761230469, 986.0552978515625, 679.354736328125]",0.0,"[845.0, 412.6666564941406, 985.0, 686.0]",0.010348048137573233,medium,Caries,Caries,best candidate below fixed confidence
165,train_29.png,false_negative,8,2,2,0.2791234254837036,0.8560138940811157,"[876.3572387695312, 731.0885009765625, 1099.0855712890625, 1027.0013427734375]",2.0,"[882.111083984375, 735.888916015625, 1123.0, 1023.0]",0.01870271116969009,medium,Caries,Caries,best candidate below fixed confidence
169,train_372.png,false_negative,9,2,2,0.42917612195014954,0.8080820441246033,"[897.13525390625, 482.4026794433594, 1064.41455078125, 751.860595703125]",0.0,"[895.0617065429688, 433.3333435058594, 1065.43212890625, 744.4444580078125]",0.014374266964003379,medium,Caries,Caries,best candidate below fixed confidence
169,train_372.png,false_negative,7,2,2,0.46854960918426514,0.8663923144340515,"[1754.8270263671875, 458.83551025390625, 1917.78662109375, 780.0696411132812]",2.0,"[1769.1357421875, 460.49383544921875, 1919.7530517578125, 769.1358032226562]",0.012606828493792495,medium,Caries,Caries,best candidate below fixed confidence
184,train_102.png,false_negative,0,2,4,0.5857818126678467,0.0,"[1619.45556640625, 452.00433349609375, 1810.263427734375, 774.0310668945312]",0.0,"[1459.5714111328125, 804.7857055664062, 1575.642822265625, 1070.857177734375]",0.007766302275304428,small,Deep Caries,Caries,no meaningful spatial correspondence
184,train_102.png,false_negative,13,2,4,0.3042405843734741,0.783007800579071,"[1206.4154052734375, 808.0736083984375, 1296.2696533203125, 1062.0643310546875]",1.0,"[1209.5714111328125, 792.2857055664062, 1309.5714111328125, 1065.5]",0.006870591544926936,small,Deep Caries,Caries,best candidate below fixed confidence
184,train_102.png,false_negative,29,2,4,0.2048017680644989,0.41991809010505676,"[1153.6317138671875, 805.5256958007812, 1255.8868408203125, 1066.2208251953125]",2.0,"[1104.2142333984375, 786.9285888671875, 1222.0714111328125, 1072.642822265625]",0.008467956650867569,small,Deep Caries,Caries,best candidate below fixed confidence
184,train_102.png,false_negative,0,2,4,0.5857818126678467,0.0,"[1619.45556640625, 452.00433349609375, 1810.263427734375, 774.0310668945312]",3.0,"[1154.2142333984375, 483.3571472167969, 1257.7857666015625, 785.1428833007812]",0.00786013177795468,small,Deep Caries,Caries,no meaningful spatial correspondence
184,train_102.png,false_negative,0,2,4,0.5857818126678467,0.0,"[1619.45556640625, 452.00433349609375, 1810.263427734375, 774.0310668945312]",4.0,"[1086.357177734375, 499.4285583496094, 1173.857177734375, 799.4285888671875]",0.006601157043217101,small,Deep Caries,Caries,no meaningful spatial correspondence
184,train_102.png,false_negative,16,2,4,0.26993700861930847,0.09877349436283112,"[1334.8499755859375, 494.7109069824219, 1421.9613037109375, 794.0835571289062]",5.0,"[1239.9285888671875, 469.0714416503906, 1354.2142333984375, 781.5714111328125]",0.00898115877284743,small,Deep Caries,Caries,best candidate below fixed confidence
184,train_102.png,false_negative,16,2,4,0.26993700861930847,0.8028817772865295,"[1334.8499755859375, 494.7109069824219, 1421.9613037109375, 794.0835571289062]",6.0,"[1343.5, 488.71429443359375, 1414.9285888671875, 795.8571166992188]",0.005517002158419447,small,Deep Caries,Caries,best candidate below fixed confidence
190,train_462.png,false_negative,34,3,3,0.2735808193683624,0.5695671439170837,"[1462.786865234375, 867.7633056640625, 1538.309326171875, 1116.8427734375]",0.0,"[1444.0, 863.0, 1553.0, 1166.0]",0.007646045086825105,small,Periapical Lesion,Periapical Lesion,best candidate below fixed confidence
190,train_462.png,false_negative,9,2,3,0.375718891620636,0.25173813104629517,"[1776.5584716796875, 828.5198974609375, 2026.4140625, 1153.63037109375]",1.0,"[1672.0, 826.0, 1871.0, 1185.0]",0.016539228723404256,medium,Periapical Lesion,Caries,best candidate below fixed confidence
190,train_462.png,false_negative,11,2,2,0.36710792779922485,0.7462989687919617,"[1911.8775634765625, 793.546630859375, 2164.92529296875, 1075.2144775390625]",2.0,"[1922.0, 803.0, 2182.0, 1124.0]",0.019321734427784034,medium,Caries,Caries,best candidate below fixed confidence
190,train_462.png,false_negative,9,2,4,0.375718891620636,0.8747557997703552,"[1776.5584716796875, 828.5198974609375, 2026.4140625, 1153.63037109375]",3.0,"[1773.0, 837.0, 2049.0, 1157.0]",0.020446867776921708,medium,Deep Caries,Caries,best candidate below fixed confidence
190,train_462.png,false_negative,15,3,2,0.3505178689956665,0.10049952566623688,"[1512.5855712890625, 865.7408447265625, 1594.2210693359375, 1126.634033203125]",4.0,"[1577.0, 857.0, 1667.0, 1167.0]",0.00645909885616073,small,Caries,Periapical Lesion,best candidate below fixed confidence
190,train_462.png,false_negative,0,4,2,0.6324781179428101,0.0,"[896.4226684570312, 561.5523071289062, 1019.5552368164062, 782.0487670898438]",5.0,"[1641.0, 851.0, 1748.0, 1160.0]",0.007654379407929829,small,Caries,Deep Caries,no meaningful spatial correspondence
190,train_462.png,false_negative,13,2,2,0.3650771379470825,0.7607225775718689,"[1216.9981689453125, 855.1798095703125, 1314.747314453125, 1155.3651123046875]",6.0,"[1205.0, 855.0, 1305.0, 1173.0]",0.0073619836425057785,small,Caries,Caries,best candidate below fixed confidence
190,train_462.png,false_negative,31,2,2,0.2797359526157379,0.7202584743499756,"[2011.239990234375, 535.965087890625, 2169.03955078125, 797.6130981445312]",7.0,"[2026.0, 478.0, 2174.0, 803.0]",0.011135579031588929,medium,Caries,Caries,best candidate below fixed confidence
190,train_462.png,false_negative,5,2,2,0.4252879321575165,0.9586537480354309,"[1879.63623046875, 487.6630554199219, 2051.552001953125, 818.0098266601562]",8.0,"[1883.0, 487.0, 2053.0, 814.0]",0.012869580839210573,medium,Caries,Caries,best candidate below fixed confidence
190,train_462.png,false_negative,18,2,2,0.3451937139034271,0.8149631023406982,"[1599.3323974609375, 531.1014404296875, 1694.30517578125, 839.2865600585938]",9.0,"[1606.0, 508.0, 1691.0, 850.0]",0.006729964292064245,small,Caries,Caries,best candidate below fixed confidence
190,train_462.png,false_negative,42,2,2,0.23973165452480316,0.7289524674415588,"[978.1460571289062, 539.4705200195312, 1131.591552734375, 823.2305908203125]",11.0,"[984.0, 518.0, 1160.0, 835.0]",0.012916345640964855,medium,Caries,Caries,best candidate below fixed confidence
190,train_462.png,false_negative,4,2,2,0.45691508054733276,0.8835622668266296,"[768.478271484375, 498.94769287109375, 939.3106079101562, 788.1939086914062]",12.0,"[754.0, 502.0, 935.0, 786.0]",0.011900484501866888,medium,Caries,Caries,best candidate below fixed confidence
190,train_462.png,false_negative,16,4,4,0.34821370244026184,0.519783079624176,"[889.5306396484375, 825.01025390625, 1079.0177001953125, 1042.117919921875]",14.0,"[871.0, 857.0, 1053.0, 996.0]",0.00585671264742488,small,Deep Caries,Deep Caries,best candidate below fixed confidence
190,train_462.png,false_negative,10,4,2,0.3697347640991211,0.6365484595298767,"[1210.2186279296875, 538.8087158203125, 1307.8074951171875, 842.152587890625]",15.0,"[1206.0, 492.0, 1336.0, 834.0]",0.010292886564333551,medium,Caries,Deep Caries,best candidate below fixed confidence
192,train_497.png,false_negative,16,2,2,0.3775944709777832,0.6473120450973511,"[1184.4837646484375, 925.8041381835938, 1298.0975341796875, 1255.5576171875]",3.0,"[1214.0, 924.0, 1301.0, 1222.0]",0.00600210024891839,small,Caries,Caries,best candidate below fixed confidence
192,train_497.png,false_negative,14,2,2,0.4318816363811493,0.9392290115356445,"[1733.0184326171875, 927.133544921875, 1857.5406494140625, 1255.3756103515625]",5.0,"[1731.0, 929.0, 1856.0, 1265.0]",0.009723374622177443,small,Caries,Caries,best candidate below fixed confidence
195,train_155.png,false_negative,14,2,2,0.33840319514274597,0.8776730895042419,"[1969.270751953125, 451.6586608886719, 2124.8232421875, 805.059326171875]",1.0,"[1965.0, 446.0, 2117.0, 792.0]",0.012192498293717914,medium,Caries,Caries,best candidate below fixed confidence
195,train_155.png,false_negative,7,2,2,0.4189475476741791,0.8468902707099915,"[1956.180419921875, 778.9165649414062, 2246.02587890625, 1077.091796875]",2.0,"[1960.0, 780.0, 2270.0, 1099.0]",0.02292584720614855,medium,Caries,Caries,best candidate below fixed confidence
195,train_155.png,false_negative,33,2,2,0.24068233370780945,0.7991389632225037,"[2129.480224609375, 714.815673828125, 2396.305419921875, 973.9508666992188]",3.0,"[2106.0, 712.0, 2367.0, 978.0]",0.016095154900738894,medium,Caries,Caries,best candidate below fixed confidence
195,train_155.png,false_negative,5,2,2,0.46945124864578247,0.7931562662124634,"[742.9918823242188, 378.7690124511719, 941.7666625976562, 709.2730102539062]",4.0,"[722.0, 362.0, 956.0, 702.0]",0.018444538413602777,medium,Caries,Caries,best candidate below fixed confidence
196,train_356.png,false_negative,10,1,1,0.3806053102016449,0.8255791664123535,"[657.3583374023438, 672.574462890625, 842.2156372070312, 940.2279663085938]",0.0,"[658.0, 690.0, 853.0, 923.0]",0.012334789563359037,medium,Impacted,Impacted,best candidate below fixed confidence
196,train_356.png,false_negative,7,4,2,0.4148424565792084,0.8291330933570862,"[1065.3394775390625, 414.873779296875, 1167.4442138671875, 730.0145263671875]",3.0,"[1057.0, 436.0, 1163.0, 730.0]",0.008460468404369342,small,Caries,Deep Caries,best candidate below fixed confidence
196,train_356.png,false_negative,31,2,2,0.26324984431266785,0.049573782831430435,"[1609.0274658203125, 774.5507202148438, 1705.7042236328125, 1062.7987060546875]",7.0,"[1512.0, 764.0, 1620.0, 1126.0]",0.010613864482647407,medium,Caries,Caries,best candidate below fixed confidence
197,train_362.png,false_negative,64,2,2,0.24545180797576904,0.6962189674377441,"[967.3128051757812, 624.79541015625, 1105.4447021484375, 917.947265625]",3.0,"[996.0, 616.0, 1100.0, 902.0]",0.006886001303858235,small,Caries,Caries,best candidate below fixed confidence
197,train_362.png,false_negative,68,2,2,0.24262677133083344,0.8540245294570923,"[1080.3236083984375, 610.3267211914062, 1205.7440185546875, 919.0938110351562]",4.0,"[1090.0, 597.0, 1202.0, 917.0]",0.008297279677591418,small,Caries,Caries,best candidate below fixed confidence
197,train_362.png,false_negative,58,3,2,0.2544873356819153,0.8464928269386292,"[1176.9879150390625, 609.0296630859375, 1285.298828125, 902.2477416992188]",9.0,"[1175.0, 569.0, 1286.0, 907.0]",0.008685751644639365,small,Caries,Periapical Lesion,best candidate below fixed confidence
202,train_391.png,false_negative,13,2,2,0.4575224220752716,0.8021268844604492,"[806.407958984375, 761.0263061523438, 1100.6837158203125, 1061.80615234375]",0.0,"[772.0, 765.0, 1087.0, 1078.0]",0.022730647077050196,medium,Caries,Caries,best candidate below fixed confidence
202,train_391.png,false_negative,15,2,2,0.45166468620300293,0.8753175735473633,"[924.6436157226562, 465.22601318359375, 1093.811279296875, 776.6260375976562]",3.0,"[925.0, 429.0, 1096.0, 774.0]",0.013601039853040989,medium,Caries,Caries,best candidate below fixed confidence
202,train_391.png,false_negative,11,4,2,0.4738560616970062,0.8347973227500916,"[1807.0552978515625, 822.311279296875, 2005.104248046875, 1121.41796875]",7.0,"[1821.0, 824.0, 2015.0, 1139.0]",0.01408864387523239,medium,Caries,Deep Caries,best candidate below fixed confidence
202,train_391.png,false_negative,39,4,2,0.34206196665763855,0.7180224061012268,"[2024.624755859375, 421.97479248046875, 2248.1708984375, 707.097900390625]",9.0,"[2030.0, 405.0, 2205.0, 723.0]",0.012829864697376575,medium,Caries,Deep Caries,best candidate below fixed confidence
202,train_391.png,false_negative,12,4,2,0.46042266488075256,0.6606960892677307,"[2083.5869140625, 406.03375244140625, 2320.567138671875, 689.7423706054688]",10.0,"[2128.0, 364.0, 2334.0, 679.0]",0.014960106382978724,medium,Caries,Deep Caries,best candidate below fixed confidence
202,train_391.png,false_negative,75,2,3,0.23753312230110168,0.7884706854820251,"[1802.8411865234375, 452.6533203125, 1960.6585693359375, 766.9953002929688]",11.0,"[1823.0, 445.0, 1971.0, 773.0]",0.011191607401068256,medium,Periapical Lesion,Caries,best candidate below fixed confidence
202,train_391.png,false_negative,25,2,3,0.3899246156215668,0.6978387236595154,"[1623.9541015625, 507.7521667480469, 1731.3233642578125, 865.4339599609375]",12.0,"[1609.0, 454.0, 1742.0, 863.0]",0.012540991014253253,medium,Periapical Lesion,Caries,best candidate below fixed confidence
202,train_391.png,false_negative,31,3,2,0.3759351372718811,0.864525318145752,"[1514.2928466796875, 519.9876708984375, 1643.9219970703125, 867.5206909179688]",14.0,"[1511.0, 488.0, 1646.0, 874.0]",0.012013733142503025,medium,Caries,Periapical Lesion,best candidate below fixed confidence
202,train_391.png,false_negative,16,2,4,0.44580939412117004,0.8036975264549255,"[701.91552734375, 418.4656982421875, 887.0950317382812, 715.3743286132812]",15.0,"[683.0, 426.0, 882.0, 694.0]",0.012295459910880279,medium,Deep Caries,Caries,best candidate below fixed confidence
208,train_325.png,false_negative,6,2,2,0.46006348729133606,0.843748152256012,"[1613.1092529296875, 693.3970947265625, 1716.7222900390625, 1047.823974609375]",0.0,"[1605.0, 698.0, 1713.0, 1031.0]",0.009704640439347887,small,Caries,Caries,best candidate below fixed confidence
208,train_325.png,false_negative,9,2,2,0.4218859374523163,0.8349307179450989,"[1687.1497802734375, 694.2525634765625, 1806.11669921875, 1044.246337890625]",2.0,"[1679.0, 706.0, 1807.0, 1018.0]",0.010776457584968223,medium,Caries,Caries,best candidate below fixed confidence
216,train_450.png,false_negative,33,4,2,0.23852939903736115,0.8842051029205322,"[807.5497436523438, 476.5183410644531, 954.3493041992188, 736.6705932617188]",2.0,"[810.0, 478.0, 944.0, 730.0]",0.007817593196230665,small,Caries,Deep Caries,best candidate below fixed confidence
217,train_578.png,false_negative,2,2,2,0.49565014243125916,0.8850999474525452,"[858.517333984375, 610.3603515625, 1124.873046875, 880.1805419921875]",1.0,"[873.0, 607.0, 1125.0, 866.0]",0.0166317051243632,medium,Caries,Caries,best candidate below fixed confidence
229,train_658.png,false_negative,12,2,2,0.324389785528183,0.6724859476089478,"[830.1080932617188, 425.08795166015625, 945.3139038085938, 730.806640625]",1.0,"[798.0, 405.0, 957.0, 726.3333129882812]",0.0146173590920874,medium,Caries,Caries,best candidate below fixed confidence
229,train_658.png,false_negative,14,2,2,0.3111777603626251,0.8508750796318054,"[1590.4578857421875, 441.21893310546875, 1681.68310546875, 721.0223388671875]",2.0,"[1583.6666259765625, 420.0, 1683.0, 722.0]",0.008582586125775364,small,Caries,Caries,best candidate below fixed confidence
229,train_658.png,false_negative,5,2,2,0.40414705872535706,0.8968803882598877,"[1665.0706787109375, 418.8280334472656, 1754.3084716796875, 711.2013549804688]",3.0,"[1663.0, 426.0, 1750.6666259765625, 717.3333129882812]",0.007307023091679923,small,Caries,Caries,best candidate below fixed confidence
229,train_658.png,false_negative,3,2,2,0.43121299147605896,0.8798891305923462,"[1739.1578369140625, 431.7973937988281, 1870.212158203125, 710.513671875]",4.0,"[1727.3333740234375, 426.0, 1873.0, 710.0]",0.011835713420935952,medium,Caries,Caries,best candidate below fixed confidence
229,train_658.png,false_negative,10,2,2,0.3453664481639862,0.6915953755378723,"[1948.209716796875, 425.879638671875, 2092.986328125, 729.4945678710938]",5.0,"[1963.0, 427.0, 2083.0, 680.3333129882812]",0.008697402897664103,small,Caries,Caries,best candidate below fixed confidence
229,train_658.png,false_negative,1,2,4,0.4716491103172302,0.8246011137962341,"[1566.0634765625, 690.3314819335938, 1673.8753662109375, 988.5326538085938]",6.0,"[1567.0, 704.0, 1678.6666259765625, 1018.6666870117188]",0.010052873131723795,medium,Deep Caries,Caries,best candidate below fixed confidence
229,train_658.png,false_negative,19,2,2,0.2703438401222229,0.859121561050415,"[1834.6185302734375, 686.1336059570312, 2050.195556640625, 940.642822265625]",7.0,"[1833.3333740234375, 673.0, 2063.333251953125, 950.6666870117188]",0.018271214832116096,medium,Caries,Caries,best candidate below fixed confidence
229,train_658.png,false_negative,19,2,2,0.2703438401222229,0.20870287716388702,"[1834.6185302734375, 686.1336059570312, 2050.195556640625, 940.642822265625]",8.0,"[1972.3333740234375, 660.0, 2152.333251953125, 906.0]",0.01266844638356898,medium,Caries,Caries,best candidate below fixed confidence
229,train_658.png,false_negative,21,2,2,0.2551487386226654,0.6523209810256958,"[586.61669921875, 669.3611450195312, 837.2373657226562, 916.3106079101562]",9.0,"[612.0, 677.0, 877.0, 958.6666870117188]",0.021354892992783862,medium,Caries,Caries,best candidate below fixed confidence
229,train_658.png,false_negative,2,2,2,0.4707528054714203,0.8783714771270752,"[490.3017883300781, 623.3099975585938, 745.888671875, 871.554931640625]",10.0,"[477.0, 624.3333129882812, 739.0, 884.0]",0.019464065989567212,medium,Caries,Caries,best candidate below fixed confidence
239,train_696.png,false_negative,19,2,3,0.2736206352710724,0.4714793264865875,"[1841.364013671875, 675.771240234375, 2047.665283203125, 942.9554443359375]",0.0,"[1793.125, 677.875, 2034.125, 1110.875]",0.02674387612315925,medium,Periapical Lesion,Caries,best candidate below fixed confidence
239,train_696.png,false_negative,17,2,2,0.27860110998153687,0.8797977566719055,"[2003.1815185546875, 615.4387817382812, 2246.245361328125, 878.3060913085938]",2.0,"[2002.0, 586.0, 2243.0, 877.0]",0.017973367094317187,medium,Caries,Caries,best candidate below fixed confidence
239,train_696.png,false_negative,5,2,2,0.4480671286582947,0.852258026599884,"[976.9849243164062, 299.3963623046875, 1116.3299560546875, 646.737548828125]",4.0,"[968.0, 310.0, 1121.0, 633.0]",0.012665238317349831,medium,Caries,Caries,best candidate below fixed confidence
239,train_696.png,false_negative,6,2,2,0.43476995825767517,0.9156792759895325,"[828.9031982421875, 632.8897094726562, 1137.756591796875, 907.6686401367188]",5.0,"[831.0, 630.0, 1139.0, 927.0]",0.023443722866061497,medium,Caries,Caries,best candidate below fixed confidence
239,train_696.png,false_negative,0,4,2,0.621188223361969,0.0,"[1787.4354248046875, 704.2830810546875, 1960.6820068359375, 926.6282958984375]",6.0,"[1539.0, 357.0, 1648.0, 690.0]",0.009302295781073005,small,Caries,Deep Caries,no meaningful spatial correspondence
239,train_696.png,false_negative,13,2,2,0.2998862862586975,0.7651749849319458,"[1772.0875244140625, 363.0556945800781, 1940.64013671875, 671.7766723632812]",7.0,"[1741.0, 353.0, 1944.0, 688.0]",0.01742850992070611,medium,Caries,Caries,best candidate below fixed confidence
239,train_696.png,false_negative,18,2,2,0.27741432189941406,0.6442700028419495,"[1722.5338134765625, 690.2886962890625, 1820.6370849609375, 981.5599365234375]",8.0,"[1691.0, 677.0, 1823.0, 1013.0]",0.011366653510817696,medium,Caries,Caries,best candidate below fixed confidence
243,train_623.png,false_negative,1,2,2,0.3258293569087982,0.7358798980712891,"[672.917236328125, 914.5502319335938, 918.1952514648438, 1114.20654296875]",0.0,"[682.0, 893.0, 946.0, 1101.0]",0.01271261779173828,medium,Caries,Caries,best candidate below fixed confidence
251,train_460.png,false_negative,11,2,2,0.4466175436973572,0.8966796398162842,"[807.3333740234375, 840.9715576171875, 1035.5858154296875, 1126.905029296875]",3.0,"[807.0, 845.0, 1025.0, 1141.0]",0.014938807562377763,medium,Caries,Caries,best candidate below fixed confidence
255,train_477.png,false_negative,8,4,2,0.4402421712875366,0.9169122576713562,"[573.9205932617188, 794.66943359375, 777.9304809570312, 1065.8016357421875]",0.0,"[565.0, 794.0, 782.0, 1072.0]",0.013888633081864797,medium,Caries,Deep Caries,best candidate below fixed confidence
255,train_477.png,false_negative,5,2,2,0.48941633105278015,0.9085151553153992,"[689.1325073242188, 838.4847412109375, 919.5781860351562, 1155.8597412109375]",1.0,"[683.0, 852.0, 914.0, 1155.0]",0.016114230933576945,medium,Caries,Caries,best candidate below fixed confidence
255,train_477.png,false_negative,44,4,2,0.2389695942401886,0.928691565990448,"[1027.8861083984375, 540.5387573242188, 1141.8323974609375, 863.9070434570312]",2.0,"[1032.0, 543.0, 1142.0, 855.0]",0.00790136736016974,small,Caries,Deep Caries,best candidate below fixed confidence
255,train_477.png,false_negative,14,2,2,0.39113152027130127,0.8944251537322998,"[1119.322021484375, 547.4417114257812, 1244.86767578125, 879.5396118164062]",3.0,"[1126.0, 544.0, 1242.0, 872.0]",0.008759651087404962,small,Caries,Caries,best candidate below fixed confidence
255,train_477.png,false_negative,6,2,4,0.4758576452732086,0.7702314257621765,"[1317.1409912109375, 553.090087890625, 1418.4537353515625, 890.9373779296875]",5.0,"[1294.0, 544.0, 1419.0, 881.0]",0.009698283800907644,small,Deep Caries,Caries,best candidate below fixed confidence
255,train_477.png,false_negative,29,4,2,0.2902759611606598,0.8835121989250183,"[1523.6181640625, 564.4839477539062, 1650.8394775390625, 891.6702880859375]",7.0,"[1525.0, 567.0, 1664.0, 889.0]",0.010304469705899688,medium,Caries,Deep Caries,best candidate below fixed confidence
255,train_477.png,false_negative,41,2,2,0.2534390091896057,0.721430242061615,"[1739.144287109375, 534.4871215820312, 1874.782470703125, 897.0154418945312]",9.0,"[1734.0, 488.0, 1894.0, 914.0]",0.015692226085931515,medium,Caries,Caries,best candidate below fixed confidence
255,train_477.png,false_negative,7,2,2,0.4529326260089874,0.8592110872268677,"[1923.936279296875, 872.4573364257812, 2165.832763671875, 1193.2135009765625]",11.0,"[1918.0, 891.0, 2152.0, 1190.0]",0.016108014822891495,medium,Caries,Caries,best candidate below fixed confidence
255,train_477.png,false_negative,10,2,2,0.4278660714626312,0.8701939582824707,"[1934.3077392578125, 566.2977905273438, 2060.3984375, 900.4193115234375]",12.0,"[1942.0, 558.0, 2064.0, 892.0]",0.009381262155949786,small,Caries,Caries,best candidate below fixed confidence
255,train_477.png,false_negative,12,2,4,0.4071950316429138,0.049242112785577774,"[574.5540771484375, 782.2360229492188, 773.8384399414062, 1049.2025146484375]",13.0,"[644.5490112304688, 620.8627319335938, 770.0392456054688, 811.058837890625]",0.00549498519040642,small,Deep Caries,Caries,best candidate below fixed confidence
264,train_228.png,false_negative,4,3,3,0.2008998692035675,0.8471907377243042,"[1757.655517578125, 726.2599487304688, 1977.22265625, 1007.7615356445312]",0.0,"[1743.0, 723.0, 1992.0, 1016.0]",0.01859726596713328,medium,Periapical Lesion,Periapical Lesion,best candidate below fixed confidence
289,train_353.png,false_negative,4,1,1,0.4974629282951355,0.854610800743103,"[766.9889526367188, 733.915771484375, 967.5941162109375, 1086.2587890625]",0.0,"[763.1509399414062, 757.603759765625, 957.4905395507812, 1080.2452392578125]",0.014435654492426496,medium,Impacted,Impacted,best candidate below fixed confidence
289,train_353.png,false_negative,5,2,1,0.3853418231010437,0.9372716546058655,"[2037.454833984375, 760.6151733398438, 2240.3623046875, 1108.0050048828125]",1.0,"[2039.6226806640625, 766.0377197265625, 2245.282958984375, 1113.20751953125]",0.016437937810400153,medium,Impacted,Caries,best candidate below fixed confidence
294,train_286.png,false_negative,13,2,2,0.33107641339302063,0.8403815031051636,"[1721.4515380859375, 627.0027465820312, 1846.5977783203125, 877.1183471679688]",1.0,"[1724.0, 618.0, 1849.0, 853.0]",0.007571719325450668,small,Caries,Caries,best candidate below fixed confidence
295,train_93.png,false_negative,21,2,2,0.22142945230007172,0.6217697858810425,"[1855.2939453125, 486.3531188964844, 2001.9742431640625, 712.1168823242188]",1.0,"[1844.0, 511.0, 1991.0, 770.0]",0.00979710499960372,small,Caries,Caries,best candidate below fixed confidence
305,train_576.png,false_negative,0,2,2,0.5742377638816833,0.0,"[887.9467163085938, 420.8529357910156, 1037.3785400390625, 769.9749145507812]",0.0,"[1495.5438232421875, 423.2982482910156, 1590.28076171875, 726.8070068359375]",0.007922101878086662,small,Caries,Caries,no meaningful spatial correspondence
305,train_576.png,false_negative,0,2,3,0.5742377638816833,0.0,"[887.9467163085938, 420.8529357910156, 1037.3785400390625, 769.9749145507812]",2.0,"[1310.0, 769.0, 1398.0, 1061.0]",0.007079708435917838,small,Periapical Lesion,Caries,no meaningful spatial correspondence
318,train_214.png,false_negative,6,2,4,0.4516012370586395,0.7270669341087341,"[1140.7022705078125, 276.9076232910156, 1206.126220703125, 509.6590881347656]",2.0,"[1149.48974609375, 282.653076171875, 1199.48974609375, 504.0816345214844]",0.005740726794007843,small,Deep Caries,Caries,best candidate below fixed confidence
318,train_214.png,false_negative,58,4,2,0.20902256667613983,0.2615857720375061,"[704.0477905273438, 550.9852905273438, 804.7974243164062, 750.505615234375]",3.0,"[767.4486694335938, 551.9061279296875, 843.4017333984375, 744.8680419921875]",0.007599414594793125,small,Caries,Deep Caries,best candidate below fixed confidence
376,train_600.png,false_negative,2,1,1,0.401780366897583,0.8636822700500488,"[798.6238403320312, 578.7174072265625, 956.7127075195312, 784.0181884765625]",0.0,"[812.0, 578.0, 956.0, 774.0]",0.0071969156075967445,small,Impacted,Impacted,best candidate below fixed confidence
376,train_600.png,false_negative,0,3,3,0.44187167286872864,0.7280802726745605,"[1080.5174560546875, 643.447021484375, 1284.754638671875, 968.2274169921875]",1.0,"[1105.0, 664.0, 1312.0, 966.0]",0.015940617286469064,medium,Periapical Lesion,Periapical Lesion,best candidate below fixed confidence
386,train_121.png,false_negative,5,2,2,0.44499853253364563,0.8433809280395508,"[2012.5914306640625, 775.4021606445312, 2300.610595703125, 1037.7421875]",0.0,"[2030.0, 780.0, 2304.0, 1018.0]",0.01509715966336751,medium,Caries,Caries,best candidate below fixed confidence
386,train_121.png,false_negative,9,1,4,0.36543020606040955,0.8707771897315979,"[2070.484375, 502.9845275878906, 2277.834228515625, 768.7247314453125]",2.0,"[2069.0, 485.0, 2264.0, 769.0]",0.012820963966099686,medium,Deep Caries,Impacted,best candidate below fixed confidence
386,train_121.png,false_negative,31,2,2,0.21895864605903625,0.7357817888259888,"[1978.064697265625, 539.2662963867188, 2134.108154296875, 823.5452880859375]",3.0,"[1996.0, 513.0, 2129.0, 804.0]",0.008960089714336514,small,Caries,Caries,best candidate below fixed confidence
386,train_121.png,false_negative,16,3,2,0.26960495114326477,0.27967569231987,"[1377.616455078125, 565.6148681640625, 1485.0283203125, 904.2405395507812]",5.0,"[1299.0, 571.0, 1432.0, 885.0]",0.009668275499318438,small,Caries,Periapical Lesion,best candidate below fixed confidence
386,train_121.png,false_negative,16,3,2,0.26960495114326477,0.891516923904419,"[1377.616455078125, 565.6148681640625, 1485.0283203125, 904.2405395507812]",6.0,"[1378.0, 560.0, 1495.0, 902.0]",0.009263597907900196,small,Caries,Periapical Lesion,best candidate below fixed confidence
388,train_507.png,false_negative,25,1,1,0.3146119713783264,0.7707440257072449,"[803.7902221679688, 210.14535522460938, 990.4403686523438, 406.08837890625]",4.0,"[798.0, 193.0, 972.0, 418.0]",0.010167204416124589,medium,Impacted,Impacted,best candidate below fixed confidence
388,train_507.png,false_negative,0,2,2,0.5835432410240173,0.0,"[1751.6361083984375, 703.2300415039062, 1977.697021484375, 1012.5372314453125]",5.0,"[1276.0, 400.0, 1385.0, 736.0]",0.009511205479850496,small,Caries,Caries,no meaningful spatial correspondence
388,train_507.png,false_negative,0,2,2,0.5835432410240173,0.0,"[1751.6361083984375, 703.2300415039062, 1977.697021484375, 1012.5372314453125]",6.0,"[1348.0, 391.0, 1464.0, 735.0]",0.010363017241916617,medium,Caries,Caries,no meaningful spatial correspondence
388,train_507.png,false_negative,0,2,2,0.5835432410240173,0.0,"[1751.6361083984375, 703.2300415039062, 1977.697021484375, 1012.5372314453125]",7.0,"[1441.0, 370.0, 1550.0, 722.0]",0.009964120026510044,small,Caries,Caries,no meaningful spatial correspondence
388,train_507.png,false_negative,0,2,2,0.5835432410240173,0.0,"[1751.6361083984375, 703.2300415039062, 1977.697021484375, 1012.5372314453125]",8.0,"[1518.0, 372.0, 1615.0, 716.0]",0.008665626486775104,small,Caries,Caries,no meaningful spatial correspondence
392,train_244.png,false_negative,67,2,2,0.23188239336013794,0.08728598803281784,"[1046.425048828125, 593.6366577148438, 1180.375244140625, 892.6897583007812]",7.0,"[967.0, 572.0, 1066.0, 885.0]",0.008085972727880022,small,Caries,Caries,best candidate below fixed confidence
392,train_244.png,false_negative,78,3,2,0.21408648788928986,0.8163571357727051,"[783.6294555664062, 571.02099609375, 905.387451171875, 890.2813720703125]",8.0,"[798.2608642578125, 586.0869750976562, 904.3478393554688, 885.2174072265625]",0.00828085928476716,small,Caries,Periapical Lesion,best candidate below fixed confidence
395,train_488.png,false_negative,10,2,2,0.22427678108215332,0.8597240447998047,"[1021.1796264648438, 665.8247680664062, 1134.3409423828125, 976.3981323242188]",0.0,"[1026.0, 670.0, 1140.0, 962.0]",0.009228322811655499,small,Caries,Caries,best candidate below fixed confidence
395,train_488.png,false_negative,0,2,4,0.42494216561317444,0.0,"[539.33837890625, 542.70556640625, 791.49560546875, 823.805908203125]",1.0,"[1656.25, 392.875, 1765.625, 542.875]",0.004548250754888339,small,Deep Caries,Caries,best candidate below fixed confidence
409,train_478.png,false_negative,0,2,2,0.6091330051422119,0.0,"[1775.214111328125, 774.4901733398438, 1990.8026123046875, 1118.6920166015625]",0.0,"[1595.5714111328125, 401.78570556640625, 1740.2142333984375, 757.1428833007812]",0.013801289135040147,medium,Caries,Caries,no meaningful spatial correspondence
409,train_478.png,false_negative,6,2,2,0.40950947999954224,0.11283431947231293,"[1851.22509765625, 451.09649658203125, 2036.1041259765625, 802.0255737304688]",1.0,"[1774.142822265625, 423.21429443359375, 1883.0714111328125, 782.1428833007812]",0.01049802503823387,medium,Caries,Caries,best candidate below fixed confidence
409,train_478.png,false_negative,11,2,2,0.3379242718219757,0.8236822485923767,"[2000.2523193359375, 472.01580810546875, 2151.427734375, 790.83837890625]",2.0,"[2011.642822265625, 451.78570556640625, 2156.28564453125, 782.1428833007812]",0.012830344266061276,medium,Caries,Caries,best candidate below fixed confidence
409,train_478.png,false_negative,28,2,2,0.20879590511322021,0.7584797143936157,"[2108.6640625, 470.7883605957031, 2245.279296875, 783.4177856445312]",3.0,"[2127.71435546875, 444.6428527832031, 2240.21435546875, 778.5714111328125]",0.010087040398232962,medium,Caries,Caries,best candidate below fixed confidence
409,train_478.png,false_negative,3,2,2,0.44628119468688965,0.9069052338600159,"[1922.8375244140625, 778.9569702148438, 2138.947265625, 1084.21484375]",5.0,"[1925.357177734375, 789.6428833007812, 2136.071533203125, 1073.5714111328125]",0.016064263895657016,medium,Caries,Caries,best candidate below fixed confidence
409,train_478.png,false_negative,6,2,2,0.40950947999954224,0.8326702117919922,"[1851.22509765625, 451.09649658203125, 2036.1041259765625, 802.0255737304688]",6.0,"[1854.0, 471.0, 2057.0, 799.0]",0.017878355010901435,medium,Caries,Caries,best candidate below fixed confidence
412,train_349.png,false_negative,20,2,2,0.25272732973098755,0.8452035784721375,"[833.8037109375, 398.36004638671875, 980.489990234375, 703.6756591796875]",0.0,"[831.0810546875, 370.270263671875, 979.729736328125, 686.4865112304688]",0.012955452523978882,medium,Caries,Caries,best candidate below fixed confidence
412,train_349.png,false_negative,6,2,2,0.42311620712280273,0.6796776056289673,"[1784.103271484375, 410.3836364746094, 1931.557861328125, 699.4447631835938]",1.0,"[1793.8052978515625, 442.4778747558594, 1914.1593017578125, 683.1858520507812]",0.007984695723298022,small,Caries,Caries,best candidate below fixed confidence
412,train_349.png,false_negative,15,2,4,0.2770772874355316,0.8397654294967651,"[1580.023193359375, 745.307373046875, 1683.4962158203125, 1041.211669921875]",2.0,"[1577.8760986328125, 761.0619506835938, 1680.531005859375, 1063.716796875]",0.008563172482051311,small,Deep Caries,Caries,best candidate below fixed confidence
412,train_349.png,false_negative,13,3,2,0.2950187027454376,0.8187299966812134,"[1641.9097900390625, 727.4440307617188, 1761.19677734375, 1025.91552734375]",3.0,"[1636.283203125, 746.9026489257812, 1770.7965087890625, 1031.8583984375]",0.010564525952398,medium,Caries,Periapical Lesion,best candidate below fixed confidence
412,train_349.png,false_negative,7,4,2,0.3886672556400299,0.7413317561149597,"[1933.9180908203125, 661.6036987304688, 2135.0908203125, 862.8521728515625]",6.0,"[1946.0177001953125, 646.0177001953125, 2153.097412109375, 846.0177001953125]",0.011414973100472767,medium,Caries,Deep Caries,best candidate below fixed confidence
412,train_349.png,false_negative,21,2,2,0.23881489038467407,0.47044336795806885,"[618.2007446289062, 647.0806884765625, 868.0490112304688, 882.4122924804688]",8.0,"[518.5840454101562, 637.1681518554688, 807.0796508789062, 851.3274536132812]",0.01702877820463216,medium,Caries,Caries,best candidate below fixed confidence
416,train_660.png,false_negative,14,2,2,0.2719433903694153,0.8471918106079102,"[818.7550659179688, 705.8660888671875, 1027.7294921875, 1014.8186645507812]",2.0,"[834.0, 707.0, 1033.0, 996.0]",0.014869468452247368,medium,Caries,Caries,best candidate below fixed confidence
419,train_590.png,false_negative,21,3,4,0.2188599556684494,0.6992028951644897,"[1251.9736328125, 379.6505432128906, 1339.523193359375, 705.4642944335938]",0.0,"[1245.6981201171875, 334.01885986328125, 1351.3585205078125, 691.0]",0.009702667394154008,small,Deep Caries,Periapical Lesion,best candidate below fixed confidence
419,train_590.png,false_negative,18,2,2,0.24953827261924744,0.4929383099079132,"[1204.238525390625, 387.3572998046875, 1303.4342041015625, 699.4114379882812]",1.0,"[1170.2264404296875, 324.58489990234375, 1281.547119140625, 696.2830200195312]",0.010643876575326455,medium,Caries,Caries,best candidate below fixed confidence
419,train_590.png,false_negative,11,2,2,0.27271759510040283,0.5474682450294495,"[1526.5350341796875, 400.4859313964844, 1628.1357421875, 694.6806030273438]",4.0,"[1507.9622802734375, 305.71697998046875, 1617.396240234375, 673.6414794921875]",0.010357249597221582,medium,Caries,Caries,best candidate below fixed confidence
419,train_590.png,false_negative,13,4,4,0.2688687741756439,0.9504355788230896,"[737.2860717773438, 693.1310424804688, 954.0308227539062, 991.2369995117188]",5.0,"[741.9244995117188, 694.0, 955.132080078125, 984.9622802734375]",0.015957797631871114,medium,Deep Caries,Deep Caries,best candidate below fixed confidence
433,train_50.png,false_negative,12,2,2,0.3794606328010559,0.9124934077262878,"[1082.7840576171875, 837.6152954101562, 1208.3646240234375, 1160.8770751953125]",2.0,"[1077.0, 833.0, 1205.0, 1159.0]",0.009660404196052866,small,Caries,Caries,best candidate below fixed confidence
439,train_387.png,false_negative,46,4,2,0.20227250456809998,0.8697665333747864,"[805.7000732421875, 461.8561706542969, 950.4248046875, 770.825439453125]",0.0,"[800.0, 456.89654541015625, 944.8275756835938, 786.2069091796875]",0.013270248946360424,medium,Caries,Deep Caries,best candidate below fixed confidence
439,train_387.png,false_negative,7,2,4,0.4878634512424469,0.8235167860984802,"[1653.474853515625, 469.1602478027344, 1739.4154052734375, 745.1243286132812]",1.0,"[1648.27587890625, 451.7241516113281, 1744.82763671875, 750.0]",0.008013102261366183,small,Deep Caries,Caries,best candidate below fixed confidence
439,train_387.png,false_negative,14,2,2,0.3419014811515808,0.7875534296035767,"[1718.25732421875, 482.7761535644531, 1841.7193603515625, 754.2171630859375]",2.0,"[1718.965576171875, 437.9310302734375, 1851.72412109375, 755.1724243164062]",0.011718573382422161,medium,Caries,Caries,best candidate below fixed confidence
439,train_387.png,false_negative,21,2,2,0.2967407703399658,0.4734164774417877,"[1587.794921875, 768.5047607421875, 1686.9505615234375, 1084.0498046875]",3.0,"[1551.72412109375, 770.6896362304688, 1655.17236328125, 1103.4482421875]",0.009577999769342494,small,Caries,Caries,best candidate below fixed confidence
439,train_387.png,false_negative,0,3,4,0.6054478883743286,0.846778392791748,"[1704.1846923828125, 756.1118774414062, 1893.9073486328125, 1069.6695556640625]",9.0,"[1705.0, 767.0, 1883.0, 1050.0]",0.014016153607293943,medium,Deep Caries,Periapical Lesion,unmatched or spatially misclassified
444,train_106.png,false_negative,2,2,2,0.33791327476501465,0.7322946190834045,"[1823.638916015625, 715.3422241210938, 2056.638427734375, 1014.7531127929688]",0.0,"[1793.0, 717.0, 2027.0, 1031.0]",0.01867318620325096,medium,Caries,Caries,best candidate below fixed confidence
455,train_146.png,false_negative,12,2,2,0.3113721013069153,0.7809038162231445,"[476.01611328125, 288.19451904296875, 575.6546020507812, 506.1876220703125]",0.0,"[484.53607177734375, 271.134033203125, 581.4432983398438, 498.9690856933594]",0.01144827222289929,medium,Caries,Caries,best candidate below fixed confidence
455,train_146.png,false_negative,26,2,2,0.24293293058872223,0.8111975789070129,"[1213.3145751953125, 311.45343017578125, 1311.9539794921875, 532.7219848632812]",1.0,"[1211.377197265625, 308.9820251464844, 1300.0, 521.556884765625]",0.009768336767809284,small,Caries,Caries,best candidate below fixed confidence
455,train_146.png,false_negative,15,2,2,0.30154427886009216,0.17542089521884918,"[1073.8363037109375, 530.8762817382812, 1151.522216796875, 760.2708129882812]",2.0,"[1030.6666259765625, 548.0, 1097.3333740234375, 782.0]",0.008088879589380326,small,Caries,Caries,best candidate below fixed confidence
455,train_146.png,false_negative,15,2,2,0.30154427886009216,0.8825080394744873,"[1073.8363037109375, 530.8762817382812, 1151.522216796875, 760.2708129882812]",3.0,"[1070.0, 538.0, 1150.6666259765625, 768.6666870117188]",0.009648104801898979,small,Caries,Caries,best candidate below fixed confidence
455,train_146.png,false_negative,19,2,2,0.2604151666164398,0.8996877670288086,"[504.9233703613281, 509.4775390625, 663.9202270507812, 707.1135864257812]",5.0,"[494.28570556640625, 513.3333129882812, 665.7142944335938, 709.5238037109375]",0.017439115167743456,medium,Caries,Caries,best candidate below fixed confidence
461,train_361.png,false_negative,11,4,4,0.360466331243515,0.9505091905593872,"[648.9081420898438, 461.7774353027344, 833.8163452148438, 736.2426147460938]",0.0,"[654.0, 460.0, 834.0, 732.0]",0.013291763993002277,medium,Deep Caries,Deep Caries,best candidate below fixed confidence
461,train_361.png,false_negative,13,2,2,0.35555028915405273,0.7720052003860474,"[753.8697509765625, 467.9991760253906, 914.3582153320312, 762.9193725585938]",1.0,"[768.0, 490.0, 908.0, 751.0]",0.00991995621536567,small,Caries,Caries,best candidate below fixed confidence
462,train_651.png,false_negative,79,3,2,0.2073788046836853,0.8845652937889099,"[894.018798828125, 529.26025390625, 1053.625244140625, 875.1959228515625]",2.0,"[898.0, 538.0, 1046.0, 868.0]",0.011306895632074912,medium,Caries,Periapical Lesion,best candidate below fixed confidence
462,train_651.png,false_negative,8,2,2,0.49064087867736816,0.8296868801116943,"[1957.07958984375, 547.218994140625, 2127.820068359375, 858.5062866210938]",6.0,"[1965.0, 525.0, 2119.0, 852.0]",0.011658326171990755,medium,Caries,Caries,best candidate below fixed confidence
483,train_8.png,false_negative,53,2,4,0.23538121581077576,0.131134033203125,"[611.3720092773438, 764.4124755859375, 828.4249267578125, 1050.2235107421875]",1.0,"[614.0, 596.0, 801.0, 830.0]",0.010130367302791442,medium,Deep Caries,Caries,best candidate below fixed confidence
483,train_8.png,false_negative,10,1,1,0.43718233704566956,0.7470099925994873,"[2231.536865234375, 795.7949829101562, 2437.61376953125, 1097.8741455078125]",2.0,"[2238.0, 848.0, 2427.0, 1103.0]",0.011157572378948617,medium,Impacted,Impacted,best candidate below fixed confidence
483,train_8.png,false_negative,6,2,2,0.4792528748512268,0.8034599423408508,"[1904.9163818359375, 790.437744140625, 2150.679443359375, 1144.921630859375]",4.0,"[1925.0, 805.0, 2166.0, 1158.0]",0.019695158315059563,medium,Caries,Caries,best candidate below fixed confidence
484,train_144.png,false_negative,16,2,2,0.38063129782676697,0.7707223892211914,"[1226.01806640625, 909.721435546875, 1344.730224609375, 1236.4090576171875]",1.0,"[1233.0, 911.0, 1331.0, 1216.0]",0.006929452654381435,small,Caries,Caries,best candidate below fixed confidence
484,train_144.png,false_negative,7,2,2,0.4807601571083069,0.7601363658905029,"[1679.1337890625, 562.0563354492188, 1778.2471923828125, 865.3344116210938]",4.0,"[1691.7755126953125, 561.5660400390625, 1769.134033203125, 857.79248046875]",0.005312573993046965,small,Caries,Caries,best candidate below fixed confidence
499,train_109.png,false_negative,16,2,2,0.32982808351516724,0.7164677381515503,"[1752.165771484375, 759.2176513671875, 1921.11572265625, 1131.053955078125]",3.0,"[1759.0, 772.0, 1953.0, 1167.0]",0.017740528507082323,medium,Caries,Caries,best candidate below fixed confidence
499,train_109.png,false_negative,6,2,2,0.4125635027885437,0.8416963815689087,"[1749.379638671875, 435.065673828125, 1856.303466796875, 764.4671020507812]",4.0,"[1753.0, 450.0, 1863.0, 776.0]",0.008301909855982932,small,Caries,Caries,best candidate below fixed confidence
499,train_109.png,false_negative,14,2,2,0.3528155982494354,0.8834429383277893,"[837.5765380859375, 399.90386962890625, 1008.6634521484375, 744.912109375]",6.0,"[830.0, 391.0, 1003.0, 737.0]",0.013857660907959462,medium,Caries,Caries,best candidate below fixed confidence
499,train_109.png,false_negative,11,2,2,0.3740566372871399,0.8025893568992615,"[987.7814331054688, 417.2637939453125, 1151.9776611328125, 754.2156982421875]",7.0,"[990.0, 370.0, 1151.0, 731.0]",0.013455529914656553,medium,Caries,Caries,best candidate below fixed confidence
499,train_109.png,false_negative,9,2,2,0.3977771997451782,0.7198977470397949,"[1898.5799560546875, 463.06085205078125, 2086.060546875, 756.7520141601562]",8.0,"[1912.0, 391.0, 2091.0, 750.0]",0.014876994680851064,medium,Caries,Caries,best candidate below fixed confidence
501,train_492.png,false_negative,12,2,1,0.3736839294433594,0.5678484439849854,"[2111.93115234375, 507.9991455078125, 2278.73486328125, 795.1823120117188]",1.0,"[2153.0, 524.0, 2307.0, 772.0]",0.008854120300305647,small,Impacted,Caries,best candidate below fixed confidence
501,train_492.png,false_negative,23,2,1,0.2951521575450897,0.7227219343185425,"[2155.95751953125, 780.0462036132812, 2362.000732421875, 1043.8099365234375]",2.0,"[2169.0, 763.0, 2397.0, 1031.0]",0.01416585061871272,medium,Impacted,Caries,best candidate below fixed confidence
501,train_492.png,false_negative,4,2,2,0.496703565120697,0.8443007469177246,"[1898.376953125, 522.61474609375, 2064.694091796875, 848.9051513671875]",4.0,"[1907.0, 509.0, 2076.0, 845.0]",0.013164337220689042,medium,Caries,Caries,best candidate below fixed confidence
514,train_472.png,false_negative,24,2,3,0.23912177979946136,0.1299160271883011,"[1743.55224609375, 769.819580078125, 1874.6944580078125, 1066.978271484375]",6.0,"[1669.0, 793.0, 1773.0, 1093.0]",0.007892212612160483,small,Periapical Lesion,Caries,best candidate below fixed confidence
516,train_212.png,false_negative,0,2,4,0.6115320324897766,0.8281459212303162,"[914.9115600585938, 693.71240234375, 1138.56982421875, 986.0219116210938]",1.0,"[918.8571166992188, 717.1428833007812, 1144.0, 1006.0]",0.01714712957788842,medium,Deep Caries,Caries,unmatched or spatially misclassified
516,train_212.png,false_negative,36,2,1,0.2543133497238159,0.6905762553215027,"[2043.46826171875, 657.0355224609375, 2267.365966796875, 895.9667358398438]",4.0,"[2064.0, 650.0, 2245.0, 866.0]",0.010308191078046527,medium,Impacted,Caries,best candidate below fixed confidence
522,train_157.png,false_negative,10,2,2,0.2552509605884552,0.5901564955711365,"[1759.8209228515625, 672.1019897460938, 1900.8056640625, 925.7784423828125]",1.0,"[1754.0, 614.0, 1943.0, 917.0]",0.013257821297338945,medium,Caries,Caries,best candidate below fixed confidence
536,train_481.png,false_negative,10,2,2,0.4098931550979614,0.8305414915084839,"[383.55804443359375, 403.90606689453125, 549.21337890625, 674.9131469726562]",0.0,"[382.0, 359.0, 549.0, 669.0]",0.01387965425531915,medium,Caries,Caries,best candidate below fixed confidence
536,train_481.png,false_negative,61,2,4,0.2177911400794983,0.918881356716156,"[511.9054260253906, 438.06494140625, 680.899169921875, 664.3904418945312]",1.0,"[515.0, 445.0, 680.0, 658.0]",0.009422454100892244,small,Deep Caries,Caries,best candidate below fixed confidence
536,train_481.png,false_negative,76,2,2,0.20473356544971466,0.7858260869979858,"[629.9267578125, 472.88751220703125, 771.1173095703125, 750.7681274414062]",2.0,"[633.0, 433.0, 781.0, 745.0]",0.012379890185312286,medium,Caries,Caries,best candidate below fixed confidence
536,train_481.png,false_negative,30,2,4,0.3003216087818146,0.7259500622749329,"[1398.6925048828125, 735.1031494140625, 1573.4515380859375, 1044.743408203125]",3.0,"[1420.0, 748.0, 1593.0, 1061.0]",0.014517469543582705,medium,Deep Caries,Caries,best candidate below fixed confidence
536,train_481.png,false_negative,9,2,2,0.41379764676094055,0.8050940036773682,"[1612.1627197265625, 685.9127197265625, 1854.0936279296875, 952.3298950195312]",4.0,"[1622.0, 691.0, 1873.0, 976.0]",0.019178695521619767,medium,Caries,Caries,best candidate below fixed confidence
536,train_481.png,false_negative,51,3,2,0.23395496606826782,0.9370118379592896,"[736.3394165039062, 476.2565612792969, 856.91748046875, 759.4328002929688]",6.0,"[733.88427734375, 475.20660400390625, 859.504150390625, 765.2892456054688]",0.009769685304534795,small,Caries,Periapical Lesion,best candidate below fixed confidence
536,train_481.png,false_negative,32,2,2,0.28596895933151245,0.13165700435638428,"[739.7615966796875, 477.8585205078125, 861.5538940429688, 758.5904541015625]",7.0,"[823.0082397460938, 371.99102783203125, 965.9834594726562, 739.7595825195312]",0.01409729697016709,medium,Caries,Caries,best candidate below fixed confidence
536,train_481.png,false_negative,37,2,2,0.26306459307670593,0.1813148558139801,"[1510.865478515625, 468.961669921875, 1659.2664794921875, 723.9055786132812]",10.0,"[1420.0, 418.18182373046875, 1561.8182373046875, 748.1818237304688]",0.012547190907726406,medium,Caries,Caries,best candidate below fixed confidence
536,train_481.png,false_negative,2,2,1,0.5747666954994202,0.8663116097450256,"[221.45677185058594, 607.9132690429688, 471.5099792480469, 848.7846069335938]",12.0,"[228.9256134033203, 595.8677978515625, 456.1983337402344, 847.9338989257812]",0.015358975124361175,medium,Impacted,Caries,unmatched or spatially misclassified
536,train_481.png,false_negative,0,2,4,0.6351928114891052,0.884958028793335,"[699.6449584960938, 766.6817016601562, 849.4786987304688, 1081.895263671875]",13.0,"[683.6363525390625, 761.8181762695312, 849.0908813476562, 1080.9090576171875]",0.014154467500776253,medium,Deep Caries,Caries,unmatched or spatially misclassified
542,train_533.png,false_negative,3,2,4,0.41026031970977783,0.7414563298225403,"[1050.013671875, 694.6550903320312, 1232.190673828125, 944.5445556640625]",0.0,"[1026.0, 706.0, 1254.0, 954.0]",0.014496142155716624,medium,Deep Caries,Caries,best candidate below fixed confidence
542,train_533.png,false_negative,4,3,2,0.3760460913181305,0.8846592903137207,"[1800.8887939453125, 630.5606079101562, 2102.077880859375, 889.2825927734375]",1.0,"[1800.875, 623.0, 2095.875, 910.0]",0.02170550147873776,medium,Caries,Periapical Lesion,best candidate below fixed confidence
542,train_533.png,false_negative,10,2,2,0.27762287855148315,0.6372014284133911,"[1008.2776489257812, 423.40478515625, 1181.3621826171875, 683.2670288085938]",2.0,"[1004.0, 344.0, 1211.0, 685.0]",0.018096335355573877,medium,Caries,Caries,best candidate below fixed confidence
543,train_433.png,false_negative,3,2,2,0.4845007658004761,0.784481942653656,"[2010.7811279296875, 601.939208984375, 2243.8837890625, 861.6751708984375]",0.0,"[2025.0, 585.0302734375, 2229.0, 848.0302734375]",0.014345178381592653,medium,Caries,Caries,best candidate below fixed confidence
543,train_433.png,false_negative,4,2,2,0.40960606932640076,0.8508251309394836,"[1894.0958251953125, 660.6690063476562, 2161.867919921875, 953.432861328125]",1.0,"[1907.0, 660.0, 2148.0, 938.0]",0.017913558883358396,medium,Caries,Caries,best candidate below fixed confidence
543,train_433.png,false_negative,16,3,3,0.2288876473903656,0.6396627426147461,"[1130.0482177734375, 731.9510498046875, 1249.599853515625, 1048.0767822265625]",2.0,"[1155.0, 727.0, 1267.0, 1074.0]",0.010391243804932098,medium,Periapical Lesion,Periapical Lesion,best candidate below fixed confidence
543,train_433.png,false_negative,16,3,4,0.2288876473903656,0.6536879539489746,"[1130.0482177734375, 731.9510498046875, 1249.599853515625, 1048.0767822265625]",3.0,"[1159.0, 728.0, 1265.0, 1055.0]",0.009267736022194226,small,Deep Caries,Periapical Lesion,best candidate below fixed confidence
549,train_504.png,false_negative,39,2,2,0.2091299295425415,0.8039559721946716,"[1532.985595703125, 472.72479248046875, 1609.7928466796875, 780.214599609375]",0.0,"[1530.888916015625, 426.3888854980469, 1608.0, 770.8333129882812]",0.007066785005531316,small,Caries,Caries,best candidate below fixed confidence
550,train_577.png,false_negative,7,2,2,0.21978455781936646,0.875788688659668,"[723.4978637695312, 502.9632263183594, 885.8305053710938, 778.3274536132812]",0.0,"[719.0, 500.0, 879.0, 764.0]",0.01174863266386895,medium,Caries,Caries,best candidate below fixed confidence
551,train_339.png,false_negative,26,2,2,0.23986312747001648,0.8403670787811279,"[1805.9129638671875, 497.4763488769531, 1951.786376953125, 773.8744506835938]",6.0,"[1803.0, 476.0, 1964.0, 774.0]",0.012476881180188446,medium,Caries,Caries,best candidate below fixed confidence
552,train_644.png,false_negative,4,4,2,0.4812038242816925,0.8182140588760376,"[660.89501953125, 593.924560546875, 931.4319458007812, 820.7908935546875]",0.0,"[690.0, 603.0, 927.0, 828.0]",0.013977411768653062,medium,Caries,Deep Caries,best candidate below fixed confidence
552,train_644.png,false_negative,36,2,4,0.20566286146640778,0.7192391753196716,"[1214.9041748046875, 382.30059814453125, 1331.768798828125, 690.71484375]",1.0,"[1236.0, 381.0, 1344.0, 701.0]",0.00905877826019034,small,Deep Caries,Caries,best candidate below fixed confidence
552,train_644.png,false_negative,5,2,2,0.4737203121185303,0.8935734033584595,"[1681.28369140625, 693.4484252929688, 1891.9322509765625, 965.268798828125]",2.0,"[1691.0, 697.0, 1894.0, 954.0]",0.013674928258460364,medium,Caries,Caries,best candidate below fixed confidence
552,train_644.png,false_negative,10,2,2,0.35198166966438293,0.6853393316268921,"[1267.5723876953125, 698.2645874023438, 1369.9188232421875, 986.0994873046875]",5.0,"[1247.0, 680.0, 1369.0, 1027.0]",0.011096479133880146,medium,Caries,Caries,best candidate below fixed confidence
556,train_192.png,false_negative,16,2,2,0.36730700731277466,0.8416783809661865,"[1206.4984130859375, 679.8646240234375, 1299.55078125, 972.7938232421875]",1.0,"[1205.0, 697.0, 1291.0, 973.0]",0.00549509571504771,small,Caries,Caries,best candidate below fixed confidence
556,train_192.png,false_negative,25,2,2,0.2880961000919342,0.8002284169197083,"[1688.0203857421875, 964.3814086914062, 1815.5499267578125, 1231.3760986328125]",2.0,"[1684.0, 968.0, 1802.0, 1214.0]",0.006720240917442067,small,Caries,Caries,best candidate below fixed confidence
556,train_192.png,false_negative,24,2,2,0.2883947491645813,0.8685240745544434,"[1729.6978759765625, 661.8338012695312, 1876.35400390625, 958.323974609375]",4.0,"[1735.0, 671.0, 1886.0, 955.0]",0.00992802850708232,small,Caries,Caries,best candidate below fixed confidence
556,train_192.png,false_negative,5,2,2,0.49812209606170654,0.7299359440803528,"[1817.8651123046875, 646.6050415039062, 1999.2515869140625, 925.6981811523438]",5.0,"[1849.0, 667.0, 2005.0, 920.0]",0.009137194037811889,small,Caries,Caries,best candidate below fixed confidence
556,train_192.png,false_negative,9,2,2,0.4709387719631195,0.749970555305481,"[1102.37451171875, 677.2890625, 1240.5172119140625, 966.2636108398438]",6.0,"[1088.0, 650.0, 1232.0, 954.0]",0.010134534463343803,medium,Caries,Caries,best candidate below fixed confidence
556,train_192.png,false_negative,6,1,1,0.4933372735977173,0.7999942898750305,"[2014.6429443359375, 855.539794921875, 2219.906494140625, 1101.2825927734375]",8.0,"[2021.276611328125, 873.4042358398438, 2228.723388671875, 1084.0426025390625]",0.010116071709587802,medium,Impacted,Impacted,best candidate below fixed confidence
556,train_192.png,false_negative,7,1,1,0.4796081781387329,0.8308305144309998,"[789.8619995117188, 834.7897338867188, 1004.3727416992188, 1066.15673828125]",10.0,"[811.7021484375, 843.6170043945312, 1005.3191528320312, 1058.5106201171875]",0.009632405076650344,small,Impacted,Impacted,best candidate below fixed confidence
578,train_43.png,false_negative,10,2,2,0.4322335422039032,0.7969741225242615,"[2047.1488037109375, 809.3102416992188, 2271.25048828125, 1044.638427734375]",2.0,"[2057.0, 798.0, 2296.0, 1053.0]",0.014128989361702128,medium,Caries,Caries,best candidate below fixed confidence
592,train_333.png,false_negative,20,1,2,0.23493781685829163,0.9483910202980042,"[1988.925048828125, 624.36669921875, 2184.809326171875, 899.9365844726562]",0.0,"[1991.0, 629.0, 2182.0, 903.0]",0.014377251338990388,medium,Caries,Impacted,best candidate below fixed confidence
592,train_333.png,false_negative,0,2,2,0.516514241695404,0.0,"[1851.625244140625, 666.9107666015625, 2081.547607421875, 979.0922241210938]",2.0,"[1078.0, 415.0, 1177.0, 719.0]",0.008268004668060052,small,Caries,Caries,no meaningful spatial correspondence
592,train_333.png,false_negative,8,2,2,0.3283781111240387,0.9039408564567566,"[1786.7183837890625, 396.12225341796875, 1928.0709228515625, 699.3802490234375]",3.0,"[1789.0, 413.0, 1925.0, 701.0]",0.010760274017762365,medium,Caries,Caries,best candidate below fixed confidence
597,train_55.png,false_negative,28,2,3,0.22523486614227295,0.24738648533821106,"[1840.6317138671875, 565.7372436523438, 1999.5469970703125, 862.3899536132812]",0.0,"[1708.0, 561.0, 1917.0, 882.0]",0.015531701905411012,medium,Periapical Lesion,Caries,best candidate below fixed confidence
597,train_55.png,false_negative,12,2,2,0.3263360559940338,0.7352447509765625,"[991.1051635742188, 900.643798828125, 1230.5103759765625, 1207.0523681640625]",4.0,"[1023.0, 927.0, 1240.0, 1221.0]",0.014769806051087537,medium,Caries,Caries,best candidate below fixed confidence
597,train_55.png,false_negative,12,2,2,0.3263360559940338,0.19299505650997162,"[991.1051635742188, 900.643798828125, 1230.5103759765625, 1207.0523681640625]",5.0,"[1157.0, 924.0, 1333.0, 1238.0]",0.01279410893142891,medium,Caries,Caries,best candidate below fixed confidence
597,train_55.png,false_negative,0,4,2,0.6616816520690918,0.0,"[946.5567626953125, 596.8587036132812, 1085.1480712890625, 858.7885131835938]",6.0,"[1634.0, 908.0, 1842.0, 1211.0]",0.01459061814733598,medium,Caries,Deep Caries,no meaningful spatial correspondence
597,train_55.png,false_negative,20,2,2,0.25935786962509155,0.1254570186138153,"[1911.7869873046875, 887.7249755859375, 2179.33154296875, 1122.1182861328125]",7.0,"[1723.0, 898.0, 1984.0, 1214.0]",0.01909392965092159,medium,Caries,Caries,best candidate below fixed confidence
604,train_354.png,false_negative,17,1,1,0.3685096204280853,0.45454931259155273,"[686.80078125, 737.0870361328125, 957.6867065429688, 1064.698974609375]",1.0,"[736.0, 712.0, 911.0, 979.0]",0.01136653895274585,medium,Impacted,Impacted,best candidate below fixed confidence
604,train_354.png,false_negative,11,1,1,0.4193393290042877,0.5107132196426392,"[745.0995483398438, 355.16644287109375, 942.2772216796875, 660.21728515625]",2.0,"[784.0, 387.0, 923.0, 608.0]",0.0074728455877881165,small,Impacted,Impacted,best candidate below fixed confidence
604,train_354.png,false_negative,67,2,2,0.2119383066892624,0.31856247782707214,"[901.8125610351562, 417.2648010253906, 1102.5748291015625, 765.2208251953125]",3.0,"[1011.0, 444.0, 1161.0, 749.0]",0.011129355956942163,medium,Caries,Caries,best candidate below fixed confidence
610,train_397.png,false_negative,3,4,2,0.2380506992340088,0.7161079049110413,"[1793.5504150390625, 729.905517578125, 2025.9560546875, 991.59375]",0.0,"[1767.0, 705.0, 2001.0, 983.1764526367188]",0.016476677634614457,medium,Caries,Deep Caries,best candidate below fixed confidence
610,train_397.png,false_negative,0,2,2,0.5512646436691284,0.028681105002760887,"[906.4949951171875, 677.7444458007812, 1130.1875, 929.6541137695312]",2.0,"[985.0, 395.0, 1130.0, 697.0]",0.011084302460973333,medium,Caries,Caries,no meaningful spatial correspondence
610,train_397.png,false_negative,3,4,4,0.2380506992340088,0.7583474516868591,"[1793.5504150390625, 729.905517578125, 2025.9560546875, 991.59375]",3.0,"[1782.0, 714.0, 2003.0, 973.0]",0.014488567905084553,medium,Deep Caries,Deep Caries,best candidate below fixed confidence
610,train_397.png,false_negative,1,2,2,0.4683128595352173,0.25634142756462097,"[1795.606201171875, 724.260986328125, 2035.4444580078125, 988.0386962890625]",4.0,"[1889.0, 651.0, 2130.0, 894.0]",0.014823704156702016,medium,Caries,Caries,best candidate below fixed confidence
611,train_508.png,false_negative,7,2,2,0.4098072350025177,0.8685305714607239,"[746.375, 738.0240478515625, 1038.2413330078125, 1068.224365234375]",0.0,"[738.0, 747.0, 1029.0, 1087.0]",0.02290549250281515,medium,Caries,Caries,best candidate below fixed confidence
616,train_140.png,false_negative,9,2,2,0.46850311756134033,0.8658775687217712,"[2138.587158203125, 877.5615234375, 2371.76123046875, 1140.9658203125]",2.0,"[2147.0, 871.0, 2375.0, 1123.0]",0.013301576483138742,medium,Caries,Caries,best candidate below fixed confidence
616,train_140.png,false_negative,8,2,2,0.4919009506702423,0.8752896785736084,"[1921.37109375, 615.6826171875, 2081.661865234375, 903.33349609375]",4.0,"[1930.0, 605.0, 2088.0, 902.0]",0.010863787560007112,medium,Caries,Caries,best candidate below fixed confidence
635,train_641.png,false_negative,3,2,2,0.3371967375278473,0.8248664140701294,"[927.5093383789062, 723.797119140625, 1194.74267578125, 971.24169921875]",0.0,"[952.0, 734.0, 1199.0, 962.0]",0.01431693311137799,medium,Caries,Caries,best candidate below fixed confidence
635,train_641.png,false_negative,8,1,2,0.2015317976474762,0.5337020754814148,"[1858.3182373046875, 449.9592590332031, 2000.752685546875, 650.3946533203125]",2.0,"[1847.0, 492.0, 1996.0, 721.0]",0.008674410020124448,small,Caries,Impacted,best candidate below fixed confidence
635,train_641.png,false_negative,4,2,2,0.31027424335479736,0.8929213881492615,"[1070.804931640625, 758.7088012695312, 1287.6873779296875, 1031.491943359375]",3.0,"[1082.0, 749.0, 1290.0, 1027.0]",0.014700304358127724,medium,Caries,Caries,best candidate below fixed confidence
635,train_641.png,false_negative,2,1,1,0.35083967447280884,0.8218933343887329,"[1880.4034423828125, 430.3126220703125, 2035.6788330078125, 609.8197021484375]",4.0,"[1870.3125, 414.0625, 2037.5, 603.125]",0.00803576810990603,small,Impacted,Impacted,best candidate below fixed confidence
656,train_180.png,false_negative,9,2,2,0.36762505769729614,0.8294989466667175,"[952.1713256835938, 898.59765625, 1084.184326171875, 1222.620849609375]",0.0,"[935.0, 906.0, 1079.0, 1224.0]",0.011638688268592622,medium,Caries,Caries,best candidate below fixed confidence
656,train_180.png,false_negative,29,2,4,0.21083267033100128,0.8462122082710266,"[718.4009399414062, 545.605712890625, 883.635986328125, 864.899169921875]",2.0,"[730.0, 548.0, 893.0, 876.0]",0.013588636215758995,medium,Deep Caries,Caries,best candidate below fixed confidence
665,train_288.png,false_negative,9,2,2,0.40024855732917786,0.7333641052246094,"[610.531494140625, 273.0657653808594, 715.9181518554688, 516.1538696289062]",0.0,"[617.5, 296.25, 707.5, 505.0]",0.009741643575363376,small,Caries,Caries,best candidate below fixed confidence
665,train_288.png,false_negative,8,2,2,0.41666072607040405,0.8627112507820129,"[1191.488037109375, 250.6836700439453, 1301.224609375, 467.4444274902344]",1.0,"[1195.0, 262.5, 1303.75, 476.0]",0.012038999240890687,medium,Caries,Caries,best candidate below fixed confidence
684,train_179.png,false_negative,16,2,2,0.3594510555267334,0.8443773984909058,"[748.8399047851562, 416.9486999511719, 918.868896484375, 715.806884765625]",0.0,"[747.4444580078125, 454.5555419921875, 920.0, 710.111083984375]",0.011807173235563687,medium,Caries,Caries,best candidate below fixed confidence
684,train_179.png,false_negative,23,4,2,0.28604865074157715,0.8874196410179138,"[1929.9788818359375, 420.09368896484375, 2108.577880859375, 703.3528442382812]",3.0,"[1940.111083984375, 425.4444580078125, 2106.0, 711.5555419921875]",0.012708192116495256,medium,Caries,Deep Caries,best candidate below fixed confidence
684,train_179.png,false_negative,11,1,1,0.4055318236351013,0.7926508784294128,"[1998.9775390625, 405.6488037109375, 2203.047607421875, 661.8264770507812]",4.0,"[1979.0, 386.0, 2200.0, 648.0]",0.015503340466230125,medium,Impacted,Impacted,best candidate below fixed confidence
684,train_179.png,false_negative,6,2,2,0.49956461787223816,0.8131672739982605,"[1765.38525390625, 729.5294799804688, 1985.8612060546875, 1036.549072265625]",5.0,"[1736.111083984375, 725.3333129882812, 1991.0, 1020.0]",0.020110075923135122,medium,Caries,Caries,best candidate below fixed confidence
700,train_613.png,false_negative,2,2,2,0.4375697672367096,0.8627251386642456,"[1151.76220703125, 807.938232421875, 1237.6265869140625, 1107.6561279296875]",0.0,"[1146.0, 796.0, 1241.0, 1110.0]",0.00808964070388281,small,Caries,Caries,best candidate below fixed confidence
700,train_613.png,false_negative,3,2,2,0.43581825494766235,0.8631536960601807,"[1261.233642578125, 496.8561706542969, 1346.9383544921875, 784.9420776367188]",1.0,"[1266.0, 486.0, 1343.0, 783.0]",0.0062018770786824,small,Caries,Caries,best candidate below fixed confidence
702,train_657.png,false_negative,9,2,2,0.2654385268688202,0.8007256388664246,"[1918.4461669921875, 498.025146484375, 2052.9306640625, 783.2745361328125]",0.0,"[1916.0, 471.0, 2043.0, 771.0]",0.01015481156827605,medium,Caries,Caries,best candidate below fixed confidence
702,train_657.png,false_negative,15,2,2,0.252083957195282,0.752001166343689,"[1689.6663818359375, 788.0931396484375, 1801.039306640625, 1100.591796875]",1.0,"[1677.0, 795.0, 1793.0, 1074.0]",0.008625992692800158,small,Caries,Caries,best candidate below fixed confidence
