image_id,file_name,GT count,candidate predictions,accepted predictions,true_positive,false_negative,background_false_positive,classification_error,localization_error,duplicate_detection,total diagnostic errors,diagnostic recall
190,train_462.png,16,64,2,2,14,0,0,0,0,14,0.125
255,train_477.png,14,59,5,3,10,0,1,1,0,12,0.21428571428571427
536,train_481.png,14,81,6,4,10,0,0,1,1,12,0.2857142857142857
202,train_391.png,17,100,10,7,9,1,1,1,0,12,0.4117647058823529
229,train_658.png,11,32,1,1,10,0,0,0,0,10,0.09090909090909091
388,train_507.png,11,52,9,4,5,0,2,1,2,10,0.36363636363636365
154,train_255.png,11,17,2,2,9,0,0,0,0,9,0.18181818181818182
239,train_696.png,10,28,4,2,7,1,1,0,0,9,0.2
556,train_192.png,11,57,5,3,7,0,1,0,1,9,0.2727272727272727
597,train_55.png,8,36,5,1,5,0,2,0,2,9,0.125
195,train_155.png,6,50,5,0,4,3,2,0,0,9,0.0
184,train_102.png,7,32,1,0,7,1,0,0,0,8,0.0
412,train_349.png,9,29,4,2,6,0,1,0,1,8,0.2222222222222222
419,train_590.png,6,26,5,1,4,2,1,0,1,8,0.16666666666666666
25,train_176.png,7,60,5,1,4,0,2,2,0,8,0.14285714285714285
155,train_485.png,5,46,6,1,3,3,1,1,0,8,0.2
409,train_478.png,7,33,2,1,6,1,0,0,0,7,0.14285714285714285
63,train_592.png,6,48,2,0,5,1,1,0,0,7,0.0
439,train_387.png,10,49,7,5,5,1,0,0,1,7,0.5
159,train_388.png,5,18,3,0,4,1,1,1,0,7,0.0
386,train_121.png,7,37,3,2,5,1,0,0,0,6,0.2857142857142857
455,train_146.png,6,46,2,1,5,1,0,0,0,6,0.16666666666666666
499,train_109.png,9,44,5,4,5,1,0,0,0,6,0.4444444444444444
144,train_451.png,9,27,5,4,5,0,0,1,0,6,0.4444444444444444
543,train_433.png,4,26,2,0,4,2,0,0,0,6,0.0
64,train_541.png,9,48,6,4,4,1,1,0,0,6,0.4444444444444444
552,train_644.png,6,39,3,1,4,1,1,0,0,6,0.16666666666666666
684,train_179.png,8,49,6,4,4,1,0,1,0,6,0.5
483,train_8.png,6,70,5,2,3,2,1,0,0,6,0.3333333333333333
196,train_356.png,8,54,7,4,3,1,1,1,0,6,0.5
192,train_497.png,8,74,10,6,2,2,0,2,0,6,0.75
392,train_244.png,9,92,10,6,2,2,1,1,0,6,0.6666666666666666
462,train_651.png,7,86,8,4,2,2,1,0,1,6,0.5714285714285714
266,train_26.png,5,68,7,1,0,1,4,0,1,6,0.2
164,train_510.png,7,17,2,2,5,0,0,0,0,5,0.2857142857142857
134,train_319.png,3,36,2,0,3,2,0,0,0,5,0.0
501,train_492.png,5,57,4,2,3,1,0,1,0,5,0.4
49,train_568.png,4,43,5,2,2,2,0,0,1,5,0.5
516,train_212.png,6,59,6,3,2,2,1,0,0,5,0.5
656,train_180.png,4,37,5,2,2,2,0,1,0,5,0.5
702,train_657.png,2,23,3,0,2,2,0,1,0,5,0.0
484,train_144.png,6,72,7,4,2,1,0,2,0,5,0.6666666666666666
433,train_50.png,3,51,5,1,1,2,1,1,0,5,0.3333333333333333
613,train_384.png,1,46,6,1,0,4,0,0,1,5,1.0
610,train_397.png,5,8,1,1,4,0,0,0,0,4,0.2
635,train_641.png,5,10,1,1,4,0,0,0,0,4,0.2
162,train_505.png,7,29,5,4,3,1,0,0,0,4,0.5714285714285714
592,train_333.png,4,29,2,1,3,1,0,0,0,4,0.25
197,train_362.png,10,98,8,7,3,0,0,1,0,4,0.7
604,train_354.png,4,76,2,1,3,0,0,1,0,4,0.25
208,train_325.png,3,32,3,1,2,2,0,0,0,4,0.3333333333333333
289,train_353.png,4,30,4,2,2,2,0,0,0,4,0.5
461,train_361.png,4,46,4,2,2,2,0,0,0,4,0.5
665,train_288.png,3,55,3,1,2,2,0,0,0,4,0.3333333333333333
169,train_372.png,7,63,7,5,2,1,0,1,0,4,0.7142857142857143
318,train_214.png,5,69,5,3,2,1,0,1,0,4,0.6
616,train_140.png,8,59,8,6,2,1,0,1,0,4,0.75
251,train_460.png,9,61,10,7,1,0,1,2,0,4,0.7777777777777778
100,train_538.png,0,39,4,0,0,4,0,0,0,4,
426,train_20.png,2,25,6,2,0,2,0,0,2,4,1.0
542,train_533.png,4,16,1,1,3,0,0,0,0,3,0.25
2,train_283.png,4,58,3,2,2,1,0,0,0,3,0.5
305,train_576.png,3,12,2,1,2,1,0,0,0,3,0.3333333333333333
700,train_613.png,3,28,2,1,2,1,0,0,0,3,0.3333333333333333
35,train_702.png,2,23,3,1,1,2,0,0,0,3,0.5
549,train_504.png,1,42,2,0,1,2,0,0,0,3,0.0
578,train_43.png,4,60,5,3,1,2,0,0,0,3,0.75
50,train_493.png,4,31,5,3,1,1,0,1,0,3,0.75
60,train_292.png,6,66,7,5,1,1,0,1,0,3,0.8333333333333334
444,train_106.png,1,12,2,0,1,1,0,1,0,3,0.0
514,train_472.png,7,42,7,5,1,1,1,0,0,3,0.7142857142857143
623,train_114.png,1,40,4,1,0,3,0,0,0,3,1.0
534,train_690.png,2,38,5,2,0,2,0,1,0,3,1.0
37,train_440.png,3,30,5,2,0,1,1,0,1,3,0.6666666666666666
103,train_656.png,2,61,5,2,0,1,0,1,1,3,1.0
136,train_400.png,3,14,1,1,2,0,0,0,0,2,0.3333333333333333
165,train_29.png,4,13,2,2,2,0,0,0,0,2,0.5
376,train_600.png,2,11,0,0,2,0,0,0,0,2,0.0
395,train_488.png,2,19,0,0,2,0,0,0,0,2,0.0
29,train_229.png,1,7,1,0,1,1,0,0,0,2,0.0
123,train_35.png,2,24,2,1,1,1,0,0,0,2,0.5
140,train_204.png,2,23,2,1,1,1,0,0,0,2,0.5
216,train_450.png,5,52,5,4,1,1,0,0,0,2,0.8
294,train_286.png,3,38,3,2,1,1,0,0,0,2,0.6666666666666666
522,train_157.png,2,18,2,1,1,1,0,0,0,2,0.5
118,train_66.png,3,25,2,1,1,0,1,0,0,2,0.3333333333333333
217,train_578.png,3,31,2,1,1,0,1,0,0,2,0.3333333333333333
551,train_339.png,7,48,6,5,1,0,1,0,0,2,0.7142857142857143
611,train_508.png,3,28,2,1,1,0,1,0,0,2,0.3333333333333333
620,train_222.png,4,46,6,4,0,1,0,1,0,2,1.0
696,train_238.png,1,16,2,0,0,1,1,0,0,2,0.0
45,train_7.png,5,45,4,4,1,0,0,0,0,1,0.8
243,train_623.png,2,11,1,1,1,0,0,0,0,1,0.5
264,train_228.png,1,6,0,0,1,0,0,0,0,1,0.0
295,train_93.png,6,29,5,5,1,0,0,0,0,1,0.8333333333333334
416,train_660.png,3,27,2,2,1,0,0,0,0,1,0.6666666666666666
550,train_577.png,2,10,1,1,1,0,0,0,0,1,0.5
587,train_175.png,0,15,1,0,0,1,0,0,0,1,
609,train_186.png,1,24,2,1,0,1,0,0,0,1,1.0
408,train_122.png,1,8,1,0,0,0,1,0,0,1,0.0
440,train_206.png,2,33,3,2,0,0,0,1,0,1,1.0
132,train_199.png,1,9,1,1,0,0,0,0,0,0,1.0
230,train_540.png,7,48,7,7,0,0,0,0,0,0,1.0
274,train_527.png,0,11,0,0,0,0,0,0,0,0,
422,train_346.png,0,0,0,0,0,0,0,0,0,0,
564,train_678.png,1,10,1,1,0,0,0,0,0,0,1.0
